"customer_id";"customer_name";"email";"phone_number";"city";"state";"registration_date"
1;"Aarav Sharma";"aarav.sharma1@example.com";"9876543210";"Mumbai";"Maharashtra";"2021-03-15"
2;"Vivaan Verma";"vivaan.verma2@example.com";"9876543211";"Delhi";"Delhi";"2021-04-20"
3;"Aditya Gupta";"aditya.gupta3@example.com";"9876543212";"Bengaluru";"Karnataka";"2021-05-10"
4;"Arjun Agarwal";"arjun.agarwal4@example.com";"9876543213";"Hyderabad";"Telangana";"2021-06-05"
5;"Reyansh Singh";"reyansh.singh5@example.com";"9876543214";"Chennai";"Tamil Nadu";"2021-07-12"
6;"Sai Kumar";"sai.kumar6@example.com";"9876543215";"Kolkata";"West Bengal";"2021-08-18"
7;"Arnav Patel";"arnav.patel7@example.com";"9876543216";"Pune";"Maharashtra";"2021-09-22"
8;"Ishaan Shah";"ishaan.shah8@example.com";"9876543217";"Ahmedabad";"Gujarat";"2021-10-30"
9;"Krishna Mehta";"krishna.mehta9@example.com";"9876543218";"Jaipur";"Rajasthan";"2021-11-25"
10;"Pranav Joshi";"pranav.joshi10@example.com";"9876543219";"Kochi";"Kerala";"2021-12-05"
11;"Dhruv Nair";"dhruv.nair11@example.com";"9876543220";"Lucknow";"Uttar Pradesh";"2022-01-10"
12;"Kabir Menon";"kabir.menon12@example.com";"9876543221";"Chandigarh";"Punjab";"2022-02-15"
13;"Ananya Reddy";"ananya.reddy13@example.com";"9876543222";"Indore";"Madhya Pradesh";"2022-03-20"
14;"Diya Rao";"diya.rao14@example.com";"9876543223";"Surat";"Gujarat";"2022-04-25"
15;"Aadhya Iyer";"aadhya.iyer15@example.com";"9876543224";"Nagpur";"Maharashtra";"2022-05-30"
16;"Saanvi Krishnan";"saanvi.krishnan16@example.com";"9876543225";"Coimbatore";"Tamil Nadu";"2022-06-05"
17;"Aarohi Das";"aarohi.das17@example.com";"9876543226";"Bhopal";"Madhya Pradesh";"2022-07-12"
18;"Anika Bose";"anika.bose18@example.com";"9876543227";"Visakhapatnam";"Andhra Pradesh";"2022-08-18"
19;"Navya Chatterjee";"navya.chatterjee19@example.com";"9876543228";"Patna";"Bihar";"2022-09-22"
20;"Kiara Mukherjee";"kiara.mukherjee20@example.com";"9876543229";"Guwahati";"Assam";"2022-10-30"
21;"Myra Yadav";"myra.yadav21@example.com";"9876543230";"Mumbai";"Maharashtra";"2022-11-25"
22;"Sara Chauhan";"sara.chauhan22@example.com";"9876543231";"Delhi";"Delhi";"2022-12-05"
23;"Ira Rathore";"ira.rathore23@example.com";"9876543232";"Bengaluru";"Karnataka";"2023-01-10"
24;"Riya Kulkarni";"riya.kulkarni24@example.com";"9876543233";"Hyderabad";"Telangana";"2023-02-15"
25;"Pari Deshmukh";"pari.deshmukh25@example.com";"9876543234";"Chennai";"Tamil Nadu";"2023-03-20"
26;"Anvi Naidu";"anvi.naidu26@example.com";"9876543235";"Kolkata";"West Bengal";"2023-04-25"
27;"Prisha Pillai";"prisha.pillai27@example.com";"9876543236";"Pune";"Maharashtra";"2023-05-30"
28;"Ishita Bhatt";"ishita.bhatt28@example.com";"9876543237";"Ahmedabad";"Gujarat";"2023-06-05"
29;"Kavya Trivedi";"kavya.trivedi29@example.com";"9876543238";"Jaipur";"Rajasthan";"2023-07-12"
30;"Nitya Deshpande";"nitya.deshpande30@example.com";"9876543239";"Kochi";"Kerala";"2023-08-18"
31;"Aarav Sharma";"aarav.sharma31@example.com";"9876543240";"Lucknow";"Uttar Pradesh";"2023-09-22"
32;"Vivaan Verma";"vivaan.verma32@example.com";"9876543241";"Chandigarh";"Punjab";"2023-10-30"
33;"Aditya Gupta";"aditya.gupta33@example.com";"9876543242";"Indore";"Madhya Pradesh";"2023-11-25"
34;"Arjun Agarwal";"arjun.agarwal34@example.com";"9876543243";"Surat";"Gujarat";"2023-12-05"
35;"Reyansh Singh";"reyansh.singh35@example.com";"9876543244";"Nagpur";"Maharashtra";"2024-01-10"
36;"Sai Kumar";"sai.kumar36@example.com";"9876543245";"Coimbatore";"Tamil Nadu";"2024-02-15"
37;"Arnav Patel";"arnav.patel37@example.com";"9876543246";"Bhopal";"Madhya Pradesh";"2024-03-20"
38;"Ishaan Shah";"ishaan.shah38@example.com";"9876543247";"Visakhapatnam";"Andhra Pradesh";"2024-04-25"
39;"Krishna Mehta";"krishna.mehta39@example.com";"9876543248";"Patna";"Bihar";"2024-05-30"
40;"Pranav Joshi";"pranav.joshi40@example.com";"9876543249";"Guwahati";"Assam";"2024-06-05"
41;"Dhruv Nair";"dhruv.nair41@example.com";"9876543250";"Mumbai";"Maharashtra";"2024-07-12"
42;"Kabir Menon";"kabir.menon42@example.com";"9876543251";"Delhi";"Delhi";"2024-08-18"
43;"Ananya Reddy";"ananya.reddy43@example.com";"9876543252";"Bengaluru";"Karnataka";"2024-09-22"
44;"Diya Rao";"diya.rao44@example.com";"9876543253";"Hyderabad";"Telangana";"2024-10-30"
45;"Aadhya Iyer";"aadhya.iyer45@example.com";"9876543254";"Chennai";"Tamil Nadu";"2024-11-25"
46;"Saanvi Krishnan";"saanvi.krishnan46@example.com";"9876543255";"Kolkata";"West Bengal";"2024-12-05"
47;"Aarohi Das";"aarohi.das47@example.com";"9876543256";"Pune";"Maharashtra";"2021-01-15"
48;"Anika Bose";"anika.bose48@example.com";"9876543257";"Ahmedabad";"Gujarat";"2021-02-20"
49;"Navya Chatterjee";"navya.chatterjee49@example.com";"9876543258";"Jaipur";"Rajasthan";"2021-03-25"
50;"Kiara Mukherjee";"kiara.mukherjee50@example.com";"9876543259";"Kochi";"Kerala";"2021-04-30"
51;"Myra Yadav";"myra.yadav51@example.com";"9876543260";"Lucknow";"Uttar Pradesh";"2021-05-05"
52;"Sara Chauhan";"sara.chauhan52@example.com";"9876543261";"Chandigarh";"Punjab";"2021-06-10"
53;"Ira Rathore";"ira.rathore53@example.com";"9876543262";"Indore";"Madhya Pradesh";"2021-07-15"
54;"Riya Kulkarni";"riya.kulkarni54@example.com";"9876543263";"Surat";"Gujarat";"2021-08-20"
55;"Pari Deshmukh";"pari.deshmukh55@example.com";"9876543264";"Nagpur";"Maharashtra";"2021-09-25"
56;"Anvi Naidu";"anvi.naidu56@example.com";"9876543265";"Coimbatore";"Tamil Nadu";"2021-10-30"
57;"Prisha Pillai";"prisha.pillai57@example.com";"9876543266";"Bhopal";"Madhya Pradesh";"2021-11-05"
58;"Ishita Bhatt";"ishita.bhatt58@example.com";"9876543267";"Visakhapatnam";"Andhra Pradesh";"2021-12-10"
59;"Kavya Trivedi";"kavya.trivedi59@example.com";"9876543268";"Patna";"Bihar";"2022-01-15"
60;"Nitya Deshpande";"nitya.deshpande60@example.com";"9876543269";"Guwahati";"Assam";"2022-02-20"
61;"Aarav Sharma";"aarav.sharma61@example.com";"9876543270";"Mumbai";"Maharashtra";"2022-03-25"
62;"Vivaan Verma";"vivaan.verma62@example.com";"9876543271";"Delhi";"Delhi";"2022-04-30"
63;"Aditya Gupta";"aditya.gupta63@example.com";"9876543272";"Bengaluru";"Karnataka";"2022-05-05"
64;"Arjun Agarwal";"arjun.agarwal64@example.com";"9876543273";"Hyderabad";"Telangana";"2022-06-10"
65;"Reyansh Singh";"reyansh.singh65@example.com";"9876543274";"Chennai";"Tamil Nadu";"2022-07-15"
66;"Sai Kumar";"sai.kumar66@example.com";"9876543275";"Kolkata";"West Bengal";"2022-08-20"
67;"Arnav Patel";"arnav.patel67@example.com";"9876543276";"Pune";"Maharashtra";"2022-09-25"
68;"Ishaan Shah";"ishaan.shah68@example.com";"9876543277";"Ahmedabad";"Gujarat";"2022-10-30"
69;"Krishna Mehta";"krishna.mehta69@example.com";"9876543278";"Jaipur";"Rajasthan";"2022-11-05"
70;"Pranav Joshi";"pranav.joshi70@example.com";"9876543279";"Kochi";"Kerala";"2022-12-10"
71;"Dhruv Nair";"dhruv.nair71@example.com";"9876543280";"Lucknow";"Uttar Pradesh";"2023-01-15"
72;"Kabir Menon";"kabir.menon72@example.com";"9876543281";"Chandigarh";"Punjab";"2023-02-20"
73;"Ananya Reddy";"ananya.reddy73@example.com";"9876543282";"Indore";"Madhya Pradesh";"2023-03-25"
74;"Diya Rao";"diya.rao74@example.com";"9876543283";"Surat";"Gujarat";"2023-04-30"
75;"Aadhya Iyer";"aadhya.iyer75@example.com";"9876543284";"Nagpur";"Maharashtra";"2023-05-05"
76;"Saanvi Krishnan";"saanvi.krishnan76@example.com";"9876543285";"Coimbatore";"Tamil Nadu";"2023-06-10"
77;"Aarohi Das";"aarohi.das77@example.com";"9876543286";"Bhopal";"Madhya Pradesh";"2023-07-15"
78;"Anika Bose";"anika.bose78@example.com";"9876543287";"Visakhapatnam";"Andhra Pradesh";"2023-08-20"
79;"Navya Chatterjee";"navya.chatterjee79@example.com";"9876543288";"Patna";"Bihar";"2023-09-25"
80;"Kiara Mukherjee";"kiara.mukherjee80@example.com";"9876543289";"Guwahati";"Assam";"2023-10-30"
81;"Myra Yadav";"myra.yadav81@example.com";"9876543290";"Mumbai";"Maharashtra";"2023-11-05"
82;"Sara Chauhan";"sara.chauhan82@example.com";"9876543291";"Delhi";"Delhi";"2023-12-10"
83;"Ira Rathore";"ira.rathore83@example.com";"9876543292";"Bengaluru";"Karnataka";"2024-01-15"
84;"Riya Kulkarni";"riya.kulkarni84@example.com";"9876543293";"Hyderabad";"Telangana";"2024-02-20"
85;"Pari Deshmukh";"pari.deshmukh85@example.com";"9876543294";"Chennai";"Tamil Nadu";"2024-03-25"
86;"Anvi Naidu";"anvi.naidu86@example.com";"9876543295";"Kolkata";"West Bengal";"2024-04-30"
87;"Prisha Pillai";"prisha.pillai87@example.com";"9876543296";"Pune";"Maharashtra";"2024-05-05"
88;"Ishita Bhatt";"ishita.bhatt88@example.com";"9876543297";"Ahmedabad";"Gujarat";"2024-06-10"
89;"Kavya Trivedi";"kavya.trivedi89@example.com";"9876543298";"Jaipur";"Rajasthan";"2024-07-15"
90;"Nitya Deshpande";"nitya.deshpande90@example.com";"9876543299";"Kochi";"Kerala";"2024-08-20"
91;"Aarav Sharma";"aarav.sharma91@example.com";"9876543300";"Lucknow";"Uttar Pradesh";"2024-09-25"
92;"Vivaan Verma";"vivaan.verma92@example.com";"9876543301";"Chandigarh";"Punjab";"2024-10-30"
93;"Aditya Gupta";"aditya.gupta93@example.com";"9876543302";"Indore";"Madhya Pradesh";"2024-11-05"
94;"Arjun Agarwal";"arjun.agarwal94@example.com";"9876543303";"Surat";"Gujarat";"2024-12-10"
95;"Reyansh Singh";"reyansh.singh95@example.com";"9876543304";"Nagpur";"Maharashtra";"2021-01-20"
96;"Sai Kumar";"sai.kumar96@example.com";"9876543305";"Coimbatore";"Tamil Nadu";"2021-02-25"
97;"Arnav Patel";"arnav.patel97@example.com";"9876543306";"Bhopal";"Madhya Pradesh";"2021-03-30"
98;"Ishaan Shah";"ishaan.shah98@example.com";"9876543307";"Visakhapatnam";"Andhra Pradesh";"2021-04-05"
99;"Krishna Mehta";"krishna.mehta99@example.com";"9876543308";"Patna";"Bihar";"2021-05-10"
100;"Pranav Joshi";"pranav.joshi100@example.com";"9876543309";"Guwahati";"Assam";"2021-06-15"
101;"Dhruv Nair";"dhruv.nair101@example.com";"9876543310";"Mumbai";"Maharashtra";"2021-07-20"
102;"Kabir Menon";"kabir.menon102@example.com";"9876543311";"Delhi";"Delhi";"2021-08-25"
103;"Ananya Reddy";"ananya.reddy103@example.com";"9876543312";"Bengaluru";"Karnataka";"2021-09-30"
104;"Diya Rao";"diya.rao104@example.com";"9876543313";"Hyderabad";"Telangana";"2021-10-05"
105;"Aadhya Iyer";"aadhya.iyer105@example.com";"9876543314";"Chennai";"Tamil Nadu";"2021-11-10"
106;"Saanvi Krishnan";"saanvi.krishnan106@example.com";"9876543315";"Kolkata";"West Bengal";"2021-12-15"
107;"Aarohi Das";"aarohi.das107@example.com";"9876543316";"Pune";"Maharashtra";"2022-01-20"
108;"Anika Bose";"anika.bose108@example.com";"9876543317";"Ahmedabad";"Gujarat";"2022-02-25"
109;"Navya Chatterjee";"navya.chatterjee109@example.com";"9876543318";"Jaipur";"Rajasthan";"2022-03-30"
110;"Kiara Mukherjee";"kiara.mukherjee110@example.com";"9876543319";"Kochi";"Kerala";"2022-04-05"
111;"Myra Yadav";"myra.yadav111@example.com";"9876543320";"Lucknow";"Uttar Pradesh";"2022-05-10"
112;"Sara Chauhan";"sara.chauhan112@example.com";"9876543321";"Chandigarh";"Punjab";"2022-06-15"
113;"Ira Rathore";"ira.rathore113@example.com";"9876543322";"Indore";"Madhya Pradesh";"2022-07-20"
114;"Riya Kulkarni";"riya.kulkarni114@example.com";"9876543323";"Surat";"Gujarat";"2022-08-25"
115;"Pari Deshmukh";"pari.deshmukh115@example.com";"9876543324";"Nagpur";"Maharashtra";"2022-09-30"
116;"Anvi Naidu";"anvi.naidu116@example.com";"9876543325";"Coimbatore";"Tamil Nadu";"2022-10-05"
117;"Prisha Pillai";"prisha.pillai117@example.com";"9876543326";"Bhopal";"Madhya Pradesh";"2022-11-10"
118;"Ishita Bhatt";"ishita.bhatt118@example.com";"9876543327";"Visakhapatnam";"Andhra Pradesh";"2022-12-15"
119;"Kavya Trivedi";"kavya.trivedi119@example.com";"9876543328";"Patna";"Bihar";"2023-01-20"
120;"Nitya Deshpande";"nitya.deshpande120@example.com";"9876543329";"Guwahati";"Assam";"2023-02-25"
121;"Aarav Sharma";"aarav.sharma121@example.com";"9876543330";"Mumbai";"Maharashtra";"2023-03-30"
122;"Vivaan Verma";"vivaan.verma122@example.com";"9876543331";"Delhi";"Delhi";"2023-04-05"
123;"Aditya Gupta";"aditya.gupta123@example.com";"9876543332";"Bengaluru";"Karnataka";"2023-05-10"
124;"Arjun Agarwal";"arjun.agarwal124@example.com";"9876543333";"Hyderabad";"Telangana";"2023-06-15"
125;"Reyansh Singh";"reyansh.singh125@example.com";"9876543334";"Chennai";"Tamil Nadu";"2023-07-20"
126;"Sai Kumar";"sai.kumar126@example.com";"9876543335";"Kolkata";"West Bengal";"2023-08-25"
127;"Arnav Patel";"arnav.patel127@example.com";"9876543336";"Pune";"Maharashtra";"2023-09-30"
128;"Ishaan Shah";"ishaan.shah128@example.com";"9876543337";"Ahmedabad";"Gujarat";"2023-10-05"
129;"Krishna Mehta";"krishna.mehta129@example.com";"9876543338";"Jaipur";"Rajasthan";"2023-11-10"
130;"Pranav Joshi";"pranav.joshi130@example.com";"9876543339";"Kochi";"Kerala";"2023-12-15"
131;"Dhruv Nair";"dhruv.nair131@example.com";"9876543340";"Lucknow";"Uttar Pradesh";"2024-01-20"
132;"Kabir Menon";"kabir.menon132@example.com";"9876543341";"Chandigarh";"Punjab";"2024-02-25"
133;"Ananya Reddy";"ananya.reddy133@example.com";"9876543342";"Indore";"Madhya Pradesh";"2024-03-30"
134;"Diya Rao";"diya.rao134@example.com";"9876543343";"Surat";"Gujarat";"2024-04-05"
135;"Aadhya Iyer";"aadhya.iyer135@example.com";"9876543344";"Nagpur";"Maharashtra";"2024-05-10"
136;"Saanvi Krishnan";"saanvi.krishnan136@example.com";"9876543345";"Coimbatore";"Tamil Nadu";"2024-06-15"
137;"Aarohi Das";"aarohi.das137@example.com";"9876543346";"Bhopal";"Madhya Pradesh";"2024-07-20"
138;"Anika Bose";"anika.bose138@example.com";"9876543347";"Visakhapatnam";"Andhra Pradesh";"2024-08-25"
139;"Navya Chatterjee";"navya.chatterjee139@example.com";"9876543348";"Patna";"Bihar";"2024-09-30"
140;"Kiara Mukherjee";"kiara.mukherjee140@example.com";"9876543349";"Guwahati";"Assam";"2024-10-05"
141;"Myra Yadav";"myra.yadav141@example.com";"9876543350";"Mumbai";"Maharashtra";"2024-11-10"
142;"Sara Chauhan";"sara.chauhan142@example.com";"9876543351";"Delhi";"Delhi";"2024-12-15"
143;"Ira Rathore";"ira.rathore143@example.com";"9876543352";"Bengaluru";"Karnataka";"2021-01-25"
144;"Riya Kulkarni";"riya.kulkarni144@example.com";"9876543353";"Hyderabad";"Telangana";"2021-02-28"
145;"Pari Deshmukh";"pari.deshmukh145@example.com";"9876543354";"Chennai";"Tamil Nadu";"2021-03-05"
146;"Anvi Naidu";"anvi.naidu146@example.com";"9876543355";"Kolkata";"West Bengal";"2021-04-10"
147;"Prisha Pillai";"prisha.pillai147@example.com";"9876543356";"Pune";"Maharashtra";"2021-05-15"
148;"Ishita Bhatt";"ishita.bhatt148@example.com";"9876543357";"Ahmedabad";"Gujarat";"2021-06-20"
149;"Kavya Trivedi";"kavya.trivedi149@example.com";"9876543358";"Jaipur";"Rajasthan";"2021-07-25"
150;"Nitya Deshpande";"nitya.deshpande150@example.com";"9876543359";"Kochi";"Kerala";"2021-08-30"
151;"Aarav Sharma";"aarav.sharma151@example.com";"9876543360";"Lucknow";"Uttar Pradesh";"2021-09-05"
152;"Vivaan Verma";"vivaan.verma152@example.com";"9876543361";"Chandigarh";"Punjab";"2021-10-10"
153;"Aditya Gupta";"aditya.gupta153@example.com";"9876543362";"Indore";"Madhya Pradesh";"2021-11-15"
154;"Arjun Agarwal";"arjun.agarwal154@example.com";"9876543363";"Surat";"Gujarat";"2021-12-20"
155;"Reyansh Singh";"reyansh.singh155@example.com";"9876543364";"Nagpur";"Maharashtra";"2022-01-25"
156;"Sai Kumar";"sai.kumar156@example.com";"9876543365";"Coimbatore";"Tamil Nadu";"2022-02-28"
157;"Arnav Patel";"arnav.patel157@example.com";"9876543366";"Bhopal";"Madhya Pradesh";"2022-03-05"
158;"Ishaan Shah";"ishaan.shah158@example.com";"9876543367";"Visakhapatnam";"Andhra Pradesh";"2022-04-10"
159;"Krishna Mehta";"krishna.mehta159@example.com";"9876543368";"Patna";"Bihar";"2022-05-15"
160;"Pranav Joshi";"pranav.joshi160@example.com";"9876543369";"Guwahati";"Assam";"2022-06-20"
161;"Dhruv Nair";"dhruv.nair161@example.com";"9876543370";"Mumbai";"Maharashtra";"2022-07-25"
162;"Kabir Menon";"kabir.menon162@example.com";"9876543371";"Delhi";"Delhi";"2022-08-30"
163;"Ananya Reddy";"ananya.reddy163@example.com";"9876543372";"Bengaluru";"Karnataka";"2022-09-05"
164;"Diya Rao";"diya.rao164@example.com";"9876543373";"Hyderabad";"Telangana";"2022-10-10"
165;"Aadhya Iyer";"aadhya.iyer165@example.com";"9876543374";"Chennai";"Tamil Nadu";"2022-11-15"
166;"Saanvi Krishnan";"saanvi.krishnan166@example.com";"9876543375";"Kolkata";"West Bengal";"2022-12-20"
167;"Aarohi Das";"aarohi.das167@example.com";"9876543376";"Pune";"Maharashtra";"2023-01-25"
168;"Anika Bose";"anika.bose168@example.com";"9876543377";"Ahmedabad";"Gujarat";"2023-02-28"
169;"Navya Chatterjee";"navya.chatterjee169@example.com";"9876543378";"Jaipur";"Rajasthan";"2023-03-05"
170;"Kiara Mukherjee";"kiara.mukherjee170@example.com";"9876543379";"Kochi";"Kerala";"2023-04-10"
171;"Myra Yadav";"myra.yadav171@example.com";"9876543380";"Lucknow";"Uttar Pradesh";"2023-05-15"
172;"Sara Chauhan";"sara.chauhan172@example.com";"9876543381";"Chandigarh";"Punjab";"2023-06-20"
173;"Ira Rathore";"ira.rathore173@example.com";"9876543382";"Indore";"Madhya Pradesh";"2023-07-25"
174;"Riya Kulkarni";"riya.kulkarni174@example.com";"9876543383";"Surat";"Gujarat";"2023-08-30"
175;"Pari Deshmukh";"pari.deshmukh175@example.com";"9876543384";"Nagpur";"Maharashtra";"2023-09-05"
176;"Anvi Naidu";"anvi.naidu176@example.com";"9876543385";"Coimbatore";"Tamil Nadu";"2023-10-10"
177;"Prisha Pillai";"prisha.pillai177@example.com";"9876543386";"Bhopal";"Madhya Pradesh";"2023-11-15"
178;"Ishita Bhatt";"ishita.bhatt178@example.com";"9876543387";"Visakhapatnam";"Andhra Pradesh";"2023-12-20"
179;"Kavya Trivedi";"kavya.trivedi179@example.com";"9876543388";"Patna";"Bihar";"2024-01-25"
180;"Nitya Deshpande";"nitya.deshpande180@example.com";"9876543389";"Guwahati";"Assam";"2024-02-28"
181;"Aarav Sharma";"aarav.sharma181@example.com";"9876543390";"Mumbai";"Maharashtra";"2024-03-05"
182;"Vivaan Verma";"vivaan.verma182@example.com";"9876543391";"Delhi";"Delhi";"2024-04-10"
183;"Aditya Gupta";"aditya.gupta183@example.com";"9876543392";"Bengaluru";"Karnataka";"2024-05-15"
184;"Arjun Agarwal";"arjun.agarwal184@example.com";"9876543393";"Hyderabad";"Telangana";"2024-06-20"
185;"Reyansh Singh";"reyansh.singh185@example.com";"9876543394";"Chennai";"Tamil Nadu";"2024-07-25"
186;"Sai Kumar";"sai.kumar186@example.com";"9876543395";"Kolkata";"West Bengal";"2024-08-30"
187;"Arnav Patel";"arnav.patel187@example.com";"9876543396";"Pune";"Maharashtra";"2024-09-05"
188;"Ishaan Shah";"ishaan.shah188@example.com";"9876543397";"Ahmedabad";"Gujarat";"2024-10-10"
189;"Krishna Mehta";"krishna.mehta189@example.com";"9876543398";"Jaipur";"Rajasthan";"2024-11-15"
190;"Pranav Joshi";"pranav.joshi190@example.com";"9876543399";"Kochi";"Kerala";"2024-12-20"
191;"Dhruv Nair";"dhruv.nair191@example.com";"9876543400";"Lucknow";"Uttar Pradesh";"2021-01-30"
192;"Kabir Menon";"kabir.menon192@example.com";"9876543401";"Chandigarh";"Punjab";"2021-02-05"
193;"Ananya Reddy";"ananya.reddy193@example.com";"9876543402";"Indore";"Madhya Pradesh";"2021-03-10"
194;"Diya Rao";"diya.rao194@example.com";"9876543403";"Surat";"Gujarat";"2021-04-15"
195;"Aadhya Iyer";"aadhya.iyer195@example.com";"9876543404";"Nagpur";"Maharashtra";"2021-05-20"
196;"Saanvi Krishnan";"saanvi.krishnan196@example.com";"9876543405";"Coimbatore";"Tamil Nadu";"2021-06-25"
197;"Aarohi Das";"aarohi.das197@example.com";"9876543406";"Bhopal";"Madhya Pradesh";"2021-07-30"
198;"Anika Bose";"anika.bose198@example.com";"9876543407";"Visakhapatnam";"Andhra Pradesh";"2021-08-05"
199;"Navya Chatterjee";"navya.chatterjee199@example.com";"9876543408";"Patna";"Bihar";"2021-09-10"
200;"Kiara Mukherjee";"kiara.mukherjee200@example.com";"9876543409";"Guwahati";"Assam";"2021-10-15"
201;"Myra Yadav";"myra.yadav201@example.com";"9876543410";"Mumbai";"Maharashtra";"2021-11-20"
202;"Sara Chauhan";"sara.chauhan202@example.com";"9876543411";"Delhi";"Delhi";"2021-12-25"
203;"Ira Rathore";"ira.rathore203@example.com";"9876543412";"Bengaluru";"Karnataka";"2022-01-30"
204;"Riya Kulkarni";"riya.kulkarni204@example.com";"9876543413";"Hyderabad";"Telangana";"2022-02-05"
205;"Pari Deshmukh";"pari.deshmukh205@example.com";"9876543414";"Chennai";"Tamil Nadu";"2022-03-10"
206;"Anvi Naidu";"anvi.naidu206@example.com";"9876543415";"Kolkata";"West Bengal";"2022-04-15"
207;"Prisha Pillai";"prisha.pillai207@example.com";"9876543416";"Pune";"Maharashtra";"2022-05-20"
208;"Ishita Bhatt";"ishita.bhatt208@example.com";"9876543417";"Ahmedabad";"Gujarat";"2022-06-25"
209;"Kavya Trivedi";"kavya.trivedi209@example.com";"9876543418";"Jaipur";"Rajasthan";"2022-07-30"
210;"Nitya Deshpande";"nitya.deshpande210@example.com";"9876543419";"Kochi";"Kerala";"2022-08-05"
211;"Aarav Sharma";"aarav.sharma211@example.com";"9876543420";"Lucknow";"Uttar Pradesh";"2022-09-10"
212;"Vivaan Verma";"vivaan.verma212@example.com";"9876543421";"Chandigarh";"Punjab";"2022-10-15"
213;"Aditya Gupta";"aditya.gupta213@example.com";"9876543422";"Indore";"Madhya Pradesh";"2022-11-20"
214;"Arjun Agarwal";"arjun.agarwal214@example.com";"9876543423";"Surat";"Gujarat";"2022-12-25"
215;"Reyansh Singh";"reyansh.singh215@example.com";"9876543424";"Nagpur";"Maharashtra";"2023-01-30"
216;"Sai Kumar";"sai.kumar216@example.com";"9876543425";"Coimbatore";"Tamil Nadu";"2023-02-05"
217;"Arnav Patel";"arnav.patel217@example.com";"9876543426";"Bhopal";"Madhya Pradesh";"2023-03-10"
218;"Ishaan Shah";"ishaan.shah218@example.com";"9876543427";"Visakhapatnam";"Andhra Pradesh";"2023-04-15"
219;"Krishna Mehta";"krishna.mehta219@example.com";"9876543428";"Patna";"Bihar";"2023-05-20"
220;"Pranav Joshi";"pranav.joshi220@example.com";"9876543429";"Guwahati";"Assam";"2023-06-25"
221;"Dhruv Nair";"dhruv.nair221@example.com";"9876543430";"Mumbai";"Maharashtra";"2023-07-30"
222;"Kabir Menon";"kabir.menon222@example.com";"9876543431";"Delhi";"Delhi";"2023-08-05"
223;"Ananya Reddy";"ananya.reddy223@example.com";"9876543432";"Bengaluru";"Karnataka";"2023-09-10"
224;"Diya Rao";"diya.rao224@example.com";"9876543433";"Hyderabad";"Telangana";"2023-10-15"
225;"Aadhya Iyer";"aadhya.iyer225@example.com";"9876543434";"Chennai";"Tamil Nadu";"2023-11-20"
226;"Saanvi Krishnan";"saanvi.krishnan226@example.com";"9876543435";"Kolkata";"West Bengal";"2023-12-25"
227;"Aarohi Das";"aarohi.das227@example.com";"9876543436";"Pune";"Maharashtra";"2024-01-30"
228;"Anika Bose";"anika.bose228@example.com";"9876543437";"Ahmedabad";"Gujarat";"2024-02-05"
229;"Navya Chatterjee";"navya.chatterjee229@example.com";"9876543438";"Jaipur";"Rajasthan";"2024-03-10"
230;"Kiara Mukherjee";"kiara.mukherjee230@example.com";"9876543439";"Kochi";"Kerala";"2024-04-15"
231;"Myra Yadav";"myra.yadav231@example.com";"9876543440";"Lucknow";"Uttar Pradesh";"2024-05-20"
232;"Sara Chauhan";"sara.chauhan232@example.com";"9876543441";"Chandigarh";"Punjab";"2024-06-25"
233;"Ira Rathore";"ira.rathore233@example.com";"9876543442";"Indore";"Madhya Pradesh";"2024-07-30"
234;"Riya Kulkarni";"riya.kulkarni234@example.com";"9876543443";"Surat";"Gujarat";"2024-08-05"
235;"Pari Deshmukh";"pari.deshmukh235@example.com";"9876543444";"Nagpur";"Maharashtra";"2024-09-10"
236;"Anvi Naidu";"anvi.naidu236@example.com";"9876543445";"Coimbatore";"Tamil Nadu";"2024-10-15"
237;"Prisha Pillai";"prisha.pillai237@example.com";"9876543446";"Bhopal";"Madhya Pradesh";"2024-11-20"
238;"Ishita Bhatt";"ishita.bhatt238@example.com";"9876543447";"Visakhapatnam";"Andhra Pradesh";"2024-12-25"
239;"Kavya Trivedi";"kavya.trivedi239@example.com";"9876543448";"Patna";"Bihar";"2021-02-10"
240;"Nitya Deshpande";"nitya.deshpande240@example.com";"9876543449";"Guwahati";"Assam";"2021-03-15"
241;"Aarav Sharma";"aarav.sharma241@example.com";"9876543450";"Mumbai";"Maharashtra";"2021-04-20"
242;"Vivaan Verma";"vivaan.verma242@example.com";"9876543451";"Delhi";"Delhi";"2021-05-25"
243;"Aditya Gupta";"aditya.gupta243@example.com";"9876543452";"Bengaluru";"Karnataka";"2021-06-30"
244;"Arjun Agarwal";"arjun.agarwal244@example.com";"9876543453";"Hyderabad";"Telangana";"2021-07-05"
245;"Reyansh Singh";"reyansh.singh245@example.com";"9876543454";"Chennai";"Tamil Nadu";"2021-08-10"
246;"Sai Kumar";"sai.kumar246@example.com";"9876543455";"Kolkata";"West Bengal";"2021-09-15"
247;"Arnav Patel";"arnav.patel247@example.com";"9876543456";"Pune";"Maharashtra";"2021-10-20"
248;"Ishaan Shah";"ishaan.shah248@example.com";"9876543457";"Ahmedabad";"Gujarat";"2021-11-25"
249;"Krishna Mehta";"krishna.mehta249@example.com";"9876543458";"Jaipur";"Rajasthan";"2021-12-30"
250;"Pranav Joshi";"pranav.joshi250@example.com";"9876543459";"Kochi";"Kerala";"2022-01-05"
251;"Dhruv Nair";"dhruv.nair251@example.com";"9876543460";"Lucknow";"Uttar Pradesh";"2022-02-10"
252;"Kabir Menon";"kabir.menon252@example.com";"9876543461";"Chandigarh";"Punjab";"2022-03-15"
253;"Ananya Reddy";"ananya.reddy253@example.com";"9876543462";"Indore";"Madhya Pradesh";"2022-04-20"
254;"Diya Rao";"diya.rao254@example.com";"9876543463";"Surat";"Gujarat";"2022-05-25"
255;"Aadhya Iyer";"aadhya.iyer255@example.com";"9876543464";"Nagpur";"Maharashtra";"2022-06-30"
256;"Saanvi Krishnan";"saanvi.krishnan256@example.com";"9876543465";"Coimbatore";"Tamil Nadu";"2022-07-05"
257;"Aarohi Das";"aarohi.das257@example.com";"9876543466";"Bhopal";"Madhya Pradesh";"2022-08-10"
258;"Anika Bose";"anika.bose258@example.com";"9876543467";"Visakhapatnam";"Andhra Pradesh";"2022-09-15"
259;"Navya Chatterjee";"navya.chatterjee259@example.com";"9876543468";"Patna";"Bihar";"2022-10-20"
260;"Kiara Mukherjee";"kiara.mukherjee260@example.com";"9876543469";"Guwahati";"Assam";"2022-11-25"
261;"Myra Yadav";"myra.yadav261@example.com";"9876543470";"Mumbai";"Maharashtra";"2022-12-30"
262;"Sara Chauhan";"sara.chauhan262@example.com";"9876543471";"Delhi";"Delhi";"2023-01-05"
263;"Ira Rathore";"ira.rathore263@example.com";"9876543472";"Bengaluru";"Karnataka";"2023-02-10"
264;"Riya Kulkarni";"riya.kulkarni264@example.com";"9876543473";"Hyderabad";"Telangana";"2023-03-15"
265;"Pari Deshmukh";"pari.deshmukh265@example.com";"9876543474";"Chennai";"Tamil Nadu";"2023-04-20"
266;"Anvi Naidu";"anvi.naidu266@example.com";"9876543475";"Kolkata";"West Bengal";"2023-05-25"
267;"Prisha Pillai";"prisha.pillai267@example.com";"9876543476";"Pune";"Maharashtra";"2023-06-30"
268;"Ishita Bhatt";"ishita.bhatt268@example.com";"9876543477";"Ahmedabad";"Gujarat";"2023-07-05"
269;"Kavya Trivedi";"kavya.trivedi269@example.com";"9876543478";"Jaipur";"Rajasthan";"2023-08-10"
270;"Nitya Deshpande";"nitya.deshpande270@example.com";"9876543479";"Kochi";"Kerala";"2023-09-15"
271;"Aarav Sharma";"aarav.sharma271@example.com";"9876543480";"Lucknow";"Uttar Pradesh";"2023-10-20"
272;"Vivaan Verma";"vivaan.verma272@example.com";"9876543481";"Chandigarh";"Punjab";"2023-11-25"
273;"Aditya Gupta";"aditya.gupta273@example.com";"9876543482";"Indore";"Madhya Pradesh";"2023-12-30"
274;"Arjun Agarwal";"arjun.agarwal274@example.com";"9876543483";"Surat";"Gujarat";"2024-01-05"
275;"Reyansh Singh";"reyansh.singh275@example.com";"9876543484";"Nagpur";"Maharashtra";"2024-02-10"
276;"Sai Kumar";"sai.kumar276@example.com";"9876543485";"Coimbatore";"Tamil Nadu";"2024-03-15"
277;"Arnav Patel";"arnav.patel277@example.com";"9876543486";"Bhopal";"Madhya Pradesh";"2024-04-20"
278;"Ishaan Shah";"ishaan.shah278@example.com";"9876543487";"Visakhapatnam";"Andhra Pradesh";"2024-05-25"
279;"Krishna Mehta";"krishna.mehta279@example.com";"9876543488";"Patna";"Bihar";"2024-06-30"
280;"Pranav Joshi";"pranav.joshi280@example.com";"9876543489";"Guwahati";"Assam";"2024-07-05"
281;"Dhruv Nair";"dhruv.nair281@example.com";"9876543490";"Mumbai";"Maharashtra";"2024-08-10"
282;"Kabir Menon";"kabir.menon282@example.com";"9876543491";"Delhi";"Delhi";"2024-09-15"
283;"Ananya Reddy";"ananya.reddy283@example.com";"9876543492";"Bengaluru";"Karnataka";"2024-10-20"
284;"Diya Rao";"diya.rao284@example.com";"9876543493";"Hyderabad";"Telangana";"2024-11-25"
285;"Aadhya Iyer";"aadhya.iyer285@example.com";"9876543494";"Chennai";"Tamil Nadu";"2024-12-30"
286;"Saanvi Krishnan";"saanvi.krishnan286@example.com";"9876543495";"Kolkata";"West Bengal";"2021-03-01"
287;"Aarohi Das";"aarohi.das287@example.com";"9876543496";"Pune";"Maharashtra";"2021-04-05"
288;"Anika Bose";"anika.bose288@example.com";"9876543497";"Ahmedabad";"Gujarat";"2021-05-10"
289;"Navya Chatterjee";"navya.chatterjee289@example.com";"9876543498";"Jaipur";"Rajasthan";"2021-06-15"
290;"Kiara Mukherjee";"kiara.mukherjee290@example.com";"9876543499";"Kochi";"Kerala";"2021-07-20"
291;"Myra Yadav";"myra.yadav291@example.com";"9876543500";"Lucknow";"Uttar Pradesh";"2021-08-25"
292;"Sara Chauhan";"sara.chauhan292@example.com";"9876543501";"Chandigarh";"Punjab";"2021-09-30"
293;"Ira Rathore";"ira.rathore293@example.com";"9876543502";"Indore";"Madhya Pradesh";"2021-10-05"
294;"Riya Kulkarni";"riya.kulkarni294@example.com";"9876543503";"Surat";"Gujarat";"2021-11-10"
295;"Pari Deshmukh";"pari.deshmukh295@example.com";"9876543504";"Nagpur";"Maharashtra";"2021-12-15"
296;"Anvi Naidu";"anvi.naidu296@example.com";"9876543505";"Coimbatore";"Tamil Nadu";"2022-01-20"
297;"Prisha Pillai";"prisha.pillai297@example.com";"9876543506";"Bhopal";"Madhya Pradesh";"2022-02-25"
298;"Ishita Bhatt";"ishita.bhatt298@example.com";"9876543507";"Visakhapatnam";"Andhra Pradesh";"2022-03-30"
299;"Kavya Trivedi";"kavya.trivedi299@example.com";"9876543508";"Patna";"Bihar";"2022-04-05"
300;"Nitya Deshpande";"nitya.deshpande300@example.com";"9876543509";"Guwahati";"Assam";"2022-05-10"
