"employee_id";"employee_name";"branch_id";"job_role";"salary";"joining_date"
1;"Aarav Sharma";1;"Store Manager";55000.0;"2018-05-10"
2;"Vivaan Verma";1;"Sales Executive";30000.0;"2019-06-15"
3;"Aditya Gupta";1;"Cashier";25000.0;"2020-07-20"
4;"Arjun Agarwal";1;"Inventory Clerk";28000.0;"2021-08-25"
5;"Reyansh Singh";1;"Sales Associate";22000.0;"2022-09-30"
6;"Sai Kumar";2;"Store Manager";56000.0;"2017-04-12"
7;"Arnav Patel";2;"Sales Executive";31000.0;"2018-05-18"
8;"Ishaan Shah";2;"Cashier";26000.0;"2019-06-22"
9;"Krishna Mehta";2;"Inventory Clerk";29000.0;"2020-07-28"
10;"Pranav Joshi";2;"Sales Associate";23000.0;"2021-08-30"
11;"Dhruv Nair";3;"Store Manager";57000.0;"2016-03-08"
12;"Kabir Menon";3;"Sales Executive";32000.0;"2017-04-14"
13;"Ananya Reddy";3;"Cashier";27000.0;"2018-05-20"
14;"Diya Rao";3;"Inventory Clerk";30000.0;"2019-06-25"
15;"Aadhya Iyer";3;"Sales Associate";24000.0;"2020-07-30"
16;"Saanvi Krishnan";4;"Store Manager";58000.0;"2015-02-05"
17;"Aarohi Das";4;"Sales Executive";33000.0;"2016-03-12"
18;"Anika Bose";4;"Cashier";28000.0;"2017-04-18"
19;"Navya Chatterjee";4;"Inventory Clerk";31000.0;"2018-05-24"
20;"Kiara Mukherjee";4;"Sales Associate";25000.0;"2019-06-29"
21;"Myra Yadav";5;"Store Manager";59000.0;"2014-01-02"
22;"Sara Chauhan";5;"Sales Executive";34000.0;"2015-02-08"
23;"Ira Rathore";5;"Cashier";29000.0;"2016-03-15"
24;"Riya Kulkarni";5;"Inventory Clerk";32000.0;"2017-04-20"
25;"Pari Deshmukh";5;"Sales Associate";26000.0;"2018-05-26"
26;"Anvi Naidu";6;"Store Manager";60000.0;"2013-01-01"
27;"Prisha Pillai";6;"Sales Executive";35000.0;"2014-02-06"
28;"Ishita Bhatt";6;"Cashier";30000.0;"2015-03-13"
29;"Kavya Trivedi";6;"Inventory Clerk";33000.0;"2016-04-19"
30;"Nitya Deshpande";6;"Sales Associate";27000.0;"2017-05-25"
31;"Aarav Sharma";7;"Store Manager";61000.0;"2012-01-01"
32;"Vivaan Verma";7;"Sales Executive";36000.0;"2013-02-06"
33;"Aditya Gupta";7;"Cashier";31000.0;"2014-03-13"
34;"Arjun Agarwal";7;"Inventory Clerk";34000.0;"2015-04-19"
35;"Reyansh Singh";7;"Sales Associate";28000.0;"2016-05-25"
36;"Sai Kumar";8;"Store Manager";62000.0;"2011-01-01"
37;"Arnav Patel";8;"Sales Executive";37000.0;"2012-02-06"
38;"Ishaan Shah";8;"Cashier";32000.0;"2013-03-13"
39;"Krishna Mehta";8;"Inventory Clerk";35000.0;"2014-04-19"
40;"Pranav Joshi";8;"Sales Associate";29000.0;"2015-05-25"
41;"Dhruv Nair";9;"Store Manager";63000.0;"2010-01-01"
42;"Kabir Menon";9;"Sales Executive";38000.0;"2011-02-06"
43;"Ananya Reddy";9;"Cashier";33000.0;"2012-03-13"
44;"Diya Rao";9;"Inventory Clerk";36000.0;"2013-04-19"
45;"Aadhya Iyer";9;"Sales Associate";30000.0;"2014-05-25"
46;"Saanvi Krishnan";10;"Store Manager";64000.0;"2009-01-01"
47;"Aarohi Das";10;"Sales Executive";39000.0;"2010-02-06"
48;"Anika Bose";10;"Cashier";34000.0;"2011-03-13"
49;"Navya Chatterjee";10;"Inventory Clerk";37000.0;"2012-04-19"
50;"Kiara Mukherjee";10;"Sales Associate";31000.0;"2013-05-25"
