"inventory_id";"product_id";"branch_id";"stock_quantity";"last_restock_date"
1;1;1;120;"2024-06-15"
2;1;2;85;"2024-07-20"
3;1;3;250;"2024-05-10"
4;1;4;40;"2024-08-25"
5;1;5;180;"2024-04-18"
6;1;6;0;"2024-09-30"
7;1;7;320;"2024-03-12"
8;1;8;60;"2024-10-05"
9;1;9;25;"2024-11-20"
10;1;10;450;"2024-02-28"
11;2;1;85;"2024-07-20"
12;2;2;250;"2024-05-10"
13;2;3;40;"2024-08-25"
14;2;4;180;"2024-04-18"
15;2;5;0;"2024-09-30"
16;2;6;320;"2024-03-12"
17;2;7;60;"2024-10-05"
18;2;8;25;"2024-11-20"
19;2;9;450;"2024-02-28"
20;2;10;120;"2024-06-15"
21;3;1;250;"2024-05-10"
22;3;2;40;"2024-08-25"
23;3;3;180;"2024-04-18"
24;3;4;0;"2024-09-30"
25;3;5;320;"2024-03-12"
26;3;6;60;"2024-10-05"
27;3;7;25;"2024-11-20"
28;3;8;450;"2024-02-28"
29;3;9;120;"2024-06-15"
30;3;10;85;"2024-07-20"
31;4;1;40;"2024-08-25"
32;4;2;180;"2024-04-18"
33;4;3;0;"2024-09-30"
34;4;4;320;"2024-03-12"
35;4;5;60;"2024-10-05"
36;4;6;25;"2024-11-20"
37;4;7;450;"2024-02-28"
38;4;8;120;"2024-06-15"
39;4;9;85;"2024-07-20"
40;4;10;250;"2024-05-10"
41;5;1;180;"2024-04-18"
42;5;2;0;"2024-09-30"
43;5;3;320;"2024-03-12"
44;5;4;60;"2024-10-05"
45;5;5;25;"2024-11-20"
46;5;6;450;"2024-02-28"
47;5;7;120;"2024-06-15"
48;5;8;85;"2024-07-20"
49;5;9;250;"2024-05-10"
50;5;10;40;"2024-08-25"
51;6;1;0;"2024-09-30"
52;6;2;320;"2024-03-12"
53;6;3;60;"2024-10-05"
54;6;4;25;"2024-11-20"
55;6;5;450;"2024-02-28"
56;6;6;120;"2024-06-15"
57;6;7;85;"2024-07-20"
58;6;8;250;"2024-05-10"
59;6;9;40;"2024-08-25"
60;6;10;180;"2024-04-18"
61;7;1;320;"2024-03-12"
62;7;2;60;"2024-10-05"
63;7;3;25;"2024-11-20"
64;7;4;450;"2024-02-28"
65;7;5;120;"2024-06-15"
66;7;6;85;"2024-07-20"
67;7;7;250;"2024-05-10"
68;7;8;40;"2024-08-25"
69;7;9;180;"2024-04-18"
70;7;10;0;"2024-09-30"
71;8;1;60;"2024-10-05"
72;8;2;25;"2024-11-20"
73;8;3;450;"2024-02-28"
74;8;4;120;"2024-06-15"
75;8;5;85;"2024-07-20"
76;8;6;250;"2024-05-10"
77;8;7;40;"2024-08-25"
78;8;8;180;"2024-04-18"
79;8;9;0;"2024-09-30"
80;8;10;320;"2024-03-12"
81;9;1;25;"2024-11-20"
82;9;2;450;"2024-02-28"
83;9;3;120;"2024-06-15"
84;9;4;85;"2024-07-20"
85;9;5;250;"2024-05-10"
86;9;6;40;"2024-08-25"
87;9;7;180;"2024-04-18"
88;9;8;0;"2024-09-30"
89;9;9;320;"2024-03-12"
90;9;10;60;"2024-10-05"
91;10;1;450;"2024-02-28"
92;10;2;120;"2024-06-15"
93;10;3;85;"2024-07-20"
94;10;4;250;"2024-05-10"
95;10;5;40;"2024-08-25"
96;10;6;180;"2024-04-18"
97;10;7;0;"2024-09-30"
98;10;8;320;"2024-03-12"
99;10;9;60;"2024-10-05"
100;10;10;25;"2024-11-20"
101;11;1;120;"2024-06-15"
102;11;2;85;"2024-07-20"
103;11;3;250;"2024-05-10"
104;11;4;40;"2024-08-25"
105;11;5;180;"2024-04-18"
106;11;6;0;"2024-09-30"
107;11;7;320;"2024-03-12"
108;11;8;60;"2024-10-05"
109;11;9;25;"2024-11-20"
110;11;10;450;"2024-02-28"
111;12;1;85;"2024-07-20"
112;12;2;250;"2024-05-10"
113;12;3;40;"2024-08-25"
114;12;4;180;"2024-04-18"
115;12;5;0;"2024-09-30"
116;12;6;320;"2024-03-12"
117;12;7;60;"2024-10-05"
118;12;8;25;"2024-11-20"
119;12;9;450;"2024-02-28"
120;12;10;120;"2024-06-15"
121;13;1;250;"2024-05-10"
122;13;2;40;"2024-08-25"
123;13;3;180;"2024-04-18"
124;13;4;0;"2024-09-30"
125;13;5;320;"2024-03-12"
126;13;6;60;"2024-10-05"
127;13;7;25;"2024-11-20"
128;13;8;450;"2024-02-28"
129;13;9;120;"2024-06-15"
130;13;10;85;"2024-07-20"
131;14;1;40;"2024-08-25"
132;14;2;180;"2024-04-18"
133;14;3;0;"2024-09-30"
134;14;4;320;"2024-03-12"
135;14;5;60;"2024-10-05"
136;14;6;25;"2024-11-20"
137;14;7;450;"2024-02-28"
138;14;8;120;"2024-06-15"
139;14;9;85;"2024-07-20"
140;14;10;250;"2024-05-10"
141;15;1;180;"2024-04-18"
142;15;2;0;"2024-09-30"
143;15;3;320;"2024-03-12"
144;15;4;60;"2024-10-05"
145;15;5;25;"2024-11-20"
146;15;6;450;"2024-02-28"
147;15;7;120;"2024-06-15"
148;15;8;85;"2024-07-20"
149;15;9;250;"2024-05-10"
150;15;10;40;"2024-08-25"
151;16;1;0;"2024-09-30"
152;16;2;320;"2024-03-12"
153;16;3;60;"2024-10-05"
154;16;4;25;"2024-11-20"
155;16;5;450;"2024-02-28"
156;16;6;120;"2024-06-15"
157;16;7;85;"2024-07-20"
158;16;8;250;"2024-05-10"
159;16;9;40;"2024-08-25"
160;16;10;180;"2024-04-18"
161;17;1;320;"2024-03-12"
162;17;2;60;"2024-10-05"
163;17;3;25;"2024-11-20"
164;17;4;450;"2024-02-28"
165;17;5;120;"2024-06-15"
166;17;6;85;"2024-07-20"
167;17;7;250;"2024-05-10"
168;17;8;40;"2024-08-25"
169;17;9;180;"2024-04-18"
170;17;10;0;"2024-09-30"
171;18;1;60;"2024-10-05"
172;18;2;25;"2024-11-20"
173;18;3;450;"2024-02-28"
174;18;4;120;"2024-06-15"
175;18;5;85;"2024-07-20"
176;18;6;250;"2024-05-10"
177;18;7;40;"2024-08-25"
178;18;8;180;"2024-04-18"
179;18;9;0;"2024-09-30"
180;18;10;320;"2024-03-12"
181;19;1;25;"2024-11-20"
182;19;2;450;"2024-02-28"
183;19;3;120;"2024-06-15"
184;19;4;85;"2024-07-20"
185;19;5;250;"2024-05-10"
186;19;6;40;"2024-08-25"
187;19;7;180;"2024-04-18"
188;19;8;0;"2024-09-30"
189;19;9;320;"2024-03-12"
190;19;10;60;"2024-10-05"
191;20;1;450;"2024-02-28"
192;20;2;120;"2024-06-15"
193;20;3;85;"2024-07-20"
194;20;4;250;"2024-05-10"
195;20;5;40;"2024-08-25"
196;20;6;180;"2024-04-18"
197;20;7;0;"2024-09-30"
198;20;8;320;"2024-03-12"
199;20;9;60;"2024-10-05"
200;20;10;25;"2024-11-20"
201;21;1;120;"2024-06-15"
202;21;2;85;"2024-07-20"
203;21;3;250;"2024-05-10"
204;21;4;40;"2024-08-25"
205;21;5;180;"2024-04-18"
206;21;6;0;"2024-09-30"
207;21;7;320;"2024-03-12"
208;21;8;60;"2024-10-05"
209;21;9;25;"2024-11-20"
210;21;10;450;"2024-02-28"
211;22;1;85;"2024-07-20"
212;22;2;250;"2024-05-10"
213;22;3;40;"2024-08-25"
214;22;4;180;"2024-04-18"
215;22;5;0;"2024-09-30"
216;22;6;320;"2024-03-12"
217;22;7;60;"2024-10-05"
218;22;8;25;"2024-11-20"
219;22;9;450;"2024-02-28"
220;22;10;120;"2024-06-15"
221;23;1;250;"2024-05-10"
222;23;2;40;"2024-08-25"
223;23;3;180;"2024-04-18"
224;23;4;0;"2024-09-30"
225;23;5;320;"2024-03-12"
226;23;6;60;"2024-10-05"
227;23;7;25;"2024-11-20"
228;23;8;450;"2024-02-28"
229;23;9;120;"2024-06-15"
230;23;10;85;"2024-07-20"
231;24;1;40;"2024-08-25"
232;24;2;180;"2024-04-18"
233;24;3;0;"2024-09-30"
234;24;4;320;"2024-03-12"
235;24;5;60;"2024-10-05"
236;24;6;25;"2024-11-20"
237;24;7;450;"2024-02-28"
238;24;8;120;"2024-06-15"
239;24;9;85;"2024-07-20"
240;24;10;250;"2024-05-10"
241;25;1;180;"2024-04-18"
242;25;2;0;"2024-09-30"
243;25;3;320;"2024-03-12"
244;25;4;60;"2024-10-05"
245;25;5;25;"2024-11-20"
246;25;6;450;"2024-02-28"
247;25;7;120;"2024-06-15"
248;25;8;85;"2024-07-20"
249;25;9;250;"2024-05-10"
250;25;10;40;"2024-08-25"
251;26;1;0;"2024-09-30"
252;26;2;320;"2024-03-12"
253;26;3;60;"2024-10-05"
254;26;4;25;"2024-11-20"
255;26;5;450;"2024-02-28"
256;26;6;120;"2024-06-15"
257;26;7;85;"2024-07-20"
258;26;8;250;"2024-05-10"
259;26;9;40;"2024-08-25"
260;26;10;180;"2024-04-18"
261;27;1;320;"2024-03-12"
262;27;2;60;"2024-10-05"
263;27;3;25;"2024-11-20"
264;27;4;450;"2024-02-28"
265;27;5;120;"2024-06-15"
266;27;6;85;"2024-07-20"
267;27;7;250;"2024-05-10"
268;27;8;40;"2024-08-25"
269;27;9;180;"2024-04-18"
270;27;10;0;"2024-09-30"
271;28;1;60;"2024-10-05"
272;28;2;25;"2024-11-20"
273;28;3;450;"2024-02-28"
274;28;4;120;"2024-06-15"
275;28;5;85;"2024-07-20"
276;28;6;250;"2024-05-10"
277;28;7;40;"2024-08-25"
278;28;8;180;"2024-04-18"
279;28;9;0;"2024-09-30"
280;28;10;320;"2024-03-12"
281;29;1;25;"2024-11-20"
282;29;2;450;"2024-02-28"
283;29;3;120;"2024-06-15"
284;29;4;85;"2024-07-20"
285;29;5;250;"2024-05-10"
286;29;6;40;"2024-08-25"
287;29;7;180;"2024-04-18"
288;29;8;0;"2024-09-30"
289;29;9;320;"2024-03-12"
290;29;10;60;"2024-10-05"
291;30;1;450;"2024-02-28"
292;30;2;120;"2024-06-15"
293;30;3;85;"2024-07-20"
294;30;4;250;"2024-05-10"
295;30;5;40;"2024-08-25"
296;30;6;180;"2024-04-18"
297;30;7;0;"2024-09-30"
298;30;8;320;"2024-03-12"
299;30;9;60;"2024-10-05"
300;30;10;25;"2024-11-20"
301;31;1;120;"2024-06-15"
302;31;2;85;"2024-07-20"
303;31;3;250;"2024-05-10"
304;31;4;40;"2024-08-25"
305;31;5;180;"2024-04-18"
306;31;6;0;"2024-09-30"
307;31;7;320;"2024-03-12"
308;31;8;60;"2024-10-05"
309;31;9;25;"2024-11-20"
310;31;10;450;"2024-02-28"
311;32;1;85;"2024-07-20"
312;32;2;250;"2024-05-10"
313;32;3;40;"2024-08-25"
314;32;4;180;"2024-04-18"
315;32;5;0;"2024-09-30"
316;32;6;320;"2024-03-12"
317;32;7;60;"2024-10-05"
318;32;8;25;"2024-11-20"
319;32;9;450;"2024-02-28"
320;32;10;120;"2024-06-15"
321;33;1;250;"2024-05-10"
322;33;2;40;"2024-08-25"
323;33;3;180;"2024-04-18"
324;33;4;0;"2024-09-30"
325;33;5;320;"2024-03-12"
326;33;6;60;"2024-10-05"
327;33;7;25;"2024-11-20"
328;33;8;450;"2024-02-28"
329;33;9;120;"2024-06-15"
330;33;10;85;"2024-07-20"
331;34;1;40;"2024-08-25"
332;34;2;180;"2024-04-18"
333;34;3;0;"2024-09-30"
334;34;4;320;"2024-03-12"
335;34;5;60;"2024-10-05"
336;34;6;25;"2024-11-20"
337;34;7;450;"2024-02-28"
338;34;8;120;"2024-06-15"
339;34;9;85;"2024-07-20"
340;34;10;250;"2024-05-10"
341;35;1;180;"2024-04-18"
342;35;2;0;"2024-09-30"
343;35;3;320;"2024-03-12"
344;35;4;60;"2024-10-05"
345;35;5;25;"2024-11-20"
346;35;6;450;"2024-02-28"
347;35;7;120;"2024-06-15"
348;35;8;85;"2024-07-20"
349;35;9;250;"2024-05-10"
350;35;10;40;"2024-08-25"
351;36;1;0;"2024-09-30"
352;36;2;320;"2024-03-12"
353;36;3;60;"2024-10-05"
354;36;4;25;"2024-11-20"
355;36;5;450;"2024-02-28"
356;36;6;120;"2024-06-15"
357;36;7;85;"2024-07-20"
358;36;8;250;"2024-05-10"
359;36;9;40;"2024-08-25"
360;36;10;180;"2024-04-18"
361;37;1;320;"2024-03-12"
362;37;2;60;"2024-10-05"
363;37;3;25;"2024-11-20"
364;37;4;450;"2024-02-28"
365;37;5;120;"2024-06-15"
366;37;6;85;"2024-07-20"
367;37;7;250;"2024-05-10"
368;37;8;40;"2024-08-25"
369;37;9;180;"2024-04-18"
370;37;10;0;"2024-09-30"
371;38;1;60;"2024-10-05"
372;38;2;25;"2024-11-20"
373;38;3;450;"2024-02-28"
374;38;4;120;"2024-06-15"
375;38;5;85;"2024-07-20"
376;38;6;250;"2024-05-10"
377;38;7;40;"2024-08-25"
378;38;8;180;"2024-04-18"
379;38;9;0;"2024-09-30"
380;38;10;320;"2024-03-12"
381;39;1;25;"2024-11-20"
382;39;2;450;"2024-02-28"
383;39;3;120;"2024-06-15"
384;39;4;85;"2024-07-20"
385;39;5;250;"2024-05-10"
386;39;6;40;"2024-08-25"
387;39;7;180;"2024-04-18"
388;39;8;0;"2024-09-30"
389;39;9;320;"2024-03-12"
390;39;10;60;"2024-10-05"
391;40;1;450;"2024-02-28"
392;40;2;120;"2024-06-15"
393;40;3;85;"2024-07-20"
394;40;4;250;"2024-05-10"
395;40;5;40;"2024-08-25"
396;40;6;180;"2024-04-18"
397;40;7;0;"2024-09-30"
398;40;8;320;"2024-03-12"
399;40;9;60;"2024-10-05"
400;40;10;25;"2024-11-20"
401;41;1;120;"2024-06-15"
402;41;2;85;"2024-07-20"
403;41;3;250;"2024-05-10"
404;41;4;40;"2024-08-25"
405;41;5;180;"2024-04-18"
406;41;6;0;"2024-09-30"
407;41;7;320;"2024-03-12"
408;41;8;60;"2024-10-05"
409;41;9;25;"2024-11-20"
410;41;10;450;"2024-02-28"
411;42;1;85;"2024-07-20"
412;42;2;250;"2024-05-10"
413;42;3;40;"2024-08-25"
414;42;4;180;"2024-04-18"
415;42;5;0;"2024-09-30"
416;42;6;320;"2024-03-12"
417;42;7;60;"2024-10-05"
418;42;8;25;"2024-11-20"
419;42;9;450;"2024-02-28"
420;42;10;120;"2024-06-15"
421;43;1;250;"2024-05-10"
422;43;2;40;"2024-08-25"
423;43;3;180;"2024-04-18"
424;43;4;0;"2024-09-30"
425;43;5;320;"2024-03-12"
426;43;6;60;"2024-10-05"
427;43;7;25;"2024-11-20"
428;43;8;450;"2024-02-28"
429;43;9;120;"2024-06-15"
430;43;10;85;"2024-07-20"
431;44;1;40;"2024-08-25"
432;44;2;180;"2024-04-18"
433;44;3;0;"2024-09-30"
434;44;4;320;"2024-03-12"
435;44;5;60;"2024-10-05"
436;44;6;25;"2024-11-20"
437;44;7;450;"2024-02-28"
438;44;8;120;"2024-06-15"
439;44;9;85;"2024-07-20"
440;44;10;250;"2024-05-10"
441;45;1;180;"2024-04-18"
442;45;2;0;"2024-09-30"
443;45;3;320;"2024-03-12"
444;45;4;60;"2024-10-05"
445;45;5;25;"2024-11-20"
446;45;6;450;"2024-02-28"
447;45;7;120;"2024-06-15"
448;45;8;85;"2024-07-20"
449;45;9;250;"2024-05-10"
450;45;10;40;"2024-08-25"
451;46;1;0;"2024-09-30"
452;46;2;320;"2024-03-12"
453;46;3;60;"2024-10-05"
454;46;4;25;"2024-11-20"
455;46;5;450;"2024-02-28"
456;46;6;120;"2024-06-15"
457;46;7;85;"2024-07-20"
458;46;8;250;"2024-05-10"
459;46;9;40;"2024-08-25"
460;46;10;180;"2024-04-18"
461;47;1;320;"2024-03-12"
462;47;2;60;"2024-10-05"
463;47;3;25;"2024-11-20"
464;47;4;450;"2024-02-28"
465;47;5;120;"2024-06-15"
466;47;6;85;"2024-07-20"
467;47;7;250;"2024-05-10"
468;47;8;40;"2024-08-25"
469;47;9;180;"2024-04-18"
470;47;10;0;"2024-09-30"
471;48;1;60;"2024-10-05"
472;48;2;25;"2024-11-20"
473;48;3;450;"2024-02-28"
474;48;4;120;"2024-06-15"
475;48;5;85;"2024-07-20"
476;48;6;250;"2024-05-10"
477;48;7;40;"2024-08-25"
478;48;8;180;"2024-04-18"
479;48;9;0;"2024-09-30"
480;48;10;320;"2024-03-12"
481;49;1;25;"2024-11-20"
482;49;2;450;"2024-02-28"
483;49;3;120;"2024-06-15"
484;49;4;85;"2024-07-20"
485;49;5;250;"2024-05-10"
486;49;6;40;"2024-08-25"
487;49;7;180;"2024-04-18"
488;49;8;0;"2024-09-30"
489;49;9;320;"2024-03-12"
490;49;10;60;"2024-10-05"
491;50;1;450;"2024-02-28"
492;50;2;120;"2024-06-15"
493;50;3;85;"2024-07-20"
494;50;4;250;"2024-05-10"
495;50;5;40;"2024-08-25"
496;50;6;180;"2024-04-18"
497;50;7;0;"2024-09-30"
498;50;8;320;"2024-03-12"
499;50;9;60;"2024-10-05"
500;50;10;25;"2024-11-20"
501;51;1;120;"2024-06-15"
502;51;2;85;"2024-07-20"
503;51;3;250;"2024-05-10"
504;51;4;40;"2024-08-25"
505;51;5;180;"2024-04-18"
506;51;6;0;"2024-09-30"
507;51;7;320;"2024-03-12"
508;51;8;60;"2024-10-05"
509;51;9;25;"2024-11-20"
510;51;10;450;"2024-02-28"
511;52;1;85;"2024-07-20"
512;52;2;250;"2024-05-10"
513;52;3;40;"2024-08-25"
514;52;4;180;"2024-04-18"
515;52;5;0;"2024-09-30"
516;52;6;320;"2024-03-12"
517;52;7;60;"2024-10-05"
518;52;8;25;"2024-11-20"
519;52;9;450;"2024-02-28"
520;52;10;120;"2024-06-15"
521;53;1;250;"2024-05-10"
522;53;2;40;"2024-08-25"
523;53;3;180;"2024-04-18"
524;53;4;0;"2024-09-30"
525;53;5;320;"2024-03-12"
526;53;6;60;"2024-10-05"
527;53;7;25;"2024-11-20"
528;53;8;450;"2024-02-28"
529;53;9;120;"2024-06-15"
530;53;10;85;"2024-07-20"
531;54;1;40;"2024-08-25"
532;54;2;180;"2024-04-18"
533;54;3;0;"2024-09-30"
534;54;4;320;"2024-03-12"
535;54;5;60;"2024-10-05"
536;54;6;25;"2024-11-20"
537;54;7;450;"2024-02-28"
538;54;8;120;"2024-06-15"
539;54;9;85;"2024-07-20"
540;54;10;250;"2024-05-10"
541;55;1;180;"2024-04-18"
542;55;2;0;"2024-09-30"
543;55;3;320;"2024-03-12"
544;55;4;60;"2024-10-05"
545;55;5;25;"2024-11-20"
546;55;6;450;"2024-02-28"
547;55;7;120;"2024-06-15"
548;55;8;85;"2024-07-20"
549;55;9;250;"2024-05-10"
550;55;10;40;"2024-08-25"
551;56;1;0;"2024-09-30"
552;56;2;320;"2024-03-12"
553;56;3;60;"2024-10-05"
554;56;4;25;"2024-11-20"
555;56;5;450;"2024-02-28"
556;56;6;120;"2024-06-15"
557;56;7;85;"2024-07-20"
558;56;8;250;"2024-05-10"
559;56;9;40;"2024-08-25"
560;56;10;180;"2024-04-18"
561;57;1;320;"2024-03-12"
562;57;2;60;"2024-10-05"
563;57;3;25;"2024-11-20"
564;57;4;450;"2024-02-28"
565;57;5;120;"2024-06-15"
566;57;6;85;"2024-07-20"
567;57;7;250;"2024-05-10"
568;57;8;40;"2024-08-25"
569;57;9;180;"2024-04-18"
570;57;10;0;"2024-09-30"
571;58;1;60;"2024-10-05"
572;58;2;25;"2024-11-20"
573;58;3;450;"2024-02-28"
574;58;4;120;"2024-06-15"
575;58;5;85;"2024-07-20"
576;58;6;250;"2024-05-10"
577;58;7;40;"2024-08-25"
578;58;8;180;"2024-04-18"
579;58;9;0;"2024-09-30"
580;58;10;320;"2024-03-12"
581;59;1;25;"2024-11-20"
582;59;2;450;"2024-02-28"
583;59;3;120;"2024-06-15"
584;59;4;85;"2024-07-20"
585;59;5;250;"2024-05-10"
586;59;6;40;"2024-08-25"
587;59;7;180;"2024-04-18"
588;59;8;0;"2024-09-30"
589;59;9;320;"2024-03-12"
590;59;10;60;"2024-10-05"
591;60;1;450;"2024-02-28"
592;60;2;120;"2024-06-15"
593;60;3;85;"2024-07-20"
594;60;4;250;"2024-05-10"
595;60;5;40;"2024-08-25"
596;60;6;180;"2024-04-18"
597;60;7;0;"2024-09-30"
598;60;8;320;"2024-03-12"
599;60;9;60;"2024-10-05"
600;60;10;25;"2024-11-20"
601;61;1;120;"2024-06-15"
602;61;2;85;"2024-07-20"
603;61;3;250;"2024-05-10"
604;61;4;40;"2024-08-25"
605;61;5;180;"2024-04-18"
606;61;6;0;"2024-09-30"
607;61;7;320;"2024-03-12"
608;61;8;60;"2024-10-05"
609;61;9;25;"2024-11-20"
610;61;10;450;"2024-02-28"
611;62;1;85;"2024-07-20"
612;62;2;250;"2024-05-10"
613;62;3;40;"2024-08-25"
614;62;4;180;"2024-04-18"
615;62;5;0;"2024-09-30"
616;62;6;320;"2024-03-12"
617;62;7;60;"2024-10-05"
618;62;8;25;"2024-11-20"
619;62;9;450;"2024-02-28"
620;62;10;120;"2024-06-15"
621;63;1;250;"2024-05-10"
622;63;2;40;"2024-08-25"
623;63;3;180;"2024-04-18"
624;63;4;0;"2024-09-30"
625;63;5;320;"2024-03-12"
626;63;6;60;"2024-10-05"
627;63;7;25;"2024-11-20"
628;63;8;450;"2024-02-28"
629;63;9;120;"2024-06-15"
630;63;10;85;"2024-07-20"
631;64;1;40;"2024-08-25"
632;64;2;180;"2024-04-18"
633;64;3;0;"2024-09-30"
634;64;4;320;"2024-03-12"
635;64;5;60;"2024-10-05"
636;64;6;25;"2024-11-20"
637;64;7;450;"2024-02-28"
638;64;8;120;"2024-06-15"
639;64;9;85;"2024-07-20"
640;64;10;250;"2024-05-10"
641;65;1;180;"2024-04-18"
642;65;2;0;"2024-09-30"
643;65;3;320;"2024-03-12"
644;65;4;60;"2024-10-05"
645;65;5;25;"2024-11-20"
646;65;6;450;"2024-02-28"
647;65;7;120;"2024-06-15"
648;65;8;85;"2024-07-20"
649;65;9;250;"2024-05-10"
650;65;10;40;"2024-08-25"
651;66;1;0;"2024-09-30"
652;66;2;320;"2024-03-12"
653;66;3;60;"2024-10-05"
654;66;4;25;"2024-11-20"
655;66;5;450;"2024-02-28"
656;66;6;120;"2024-06-15"
657;66;7;85;"2024-07-20"
658;66;8;250;"2024-05-10"
659;66;9;40;"2024-08-25"
660;66;10;180;"2024-04-18"
661;67;1;320;"2024-03-12"
662;67;2;60;"2024-10-05"
663;67;3;25;"2024-11-20"
664;67;4;450;"2024-02-28"
665;67;5;120;"2024-06-15"
666;67;6;85;"2024-07-20"
667;67;7;250;"2024-05-10"
668;67;8;40;"2024-08-25"
669;67;9;180;"2024-04-18"
670;67;10;0;"2024-09-30"
671;68;1;60;"2024-10-05"
672;68;2;25;"2024-11-20"
673;68;3;450;"2024-02-28"
674;68;4;120;"2024-06-15"
675;68;5;85;"2024-07-20"
676;68;6;250;"2024-05-10"
677;68;7;40;"2024-08-25"
678;68;8;180;"2024-04-18"
679;68;9;0;"2024-09-30"
680;68;10;320;"2024-03-12"
681;69;1;25;"2024-11-20"
682;69;2;450;"2024-02-28"
683;69;3;120;"2024-06-15"
684;69;4;85;"2024-07-20"
685;69;5;250;"2024-05-10"
686;69;6;40;"2024-08-25"
687;69;7;180;"2024-04-18"
688;69;8;0;"2024-09-30"
689;69;9;320;"2024-03-12"
690;69;10;60;"2024-10-05"
691;70;1;450;"2024-02-28"
692;70;2;120;"2024-06-15"
693;70;3;85;"2024-07-20"
694;70;4;250;"2024-05-10"
695;70;5;40;"2024-08-25"
696;70;6;180;"2024-04-18"
697;70;7;0;"2024-09-30"
698;70;8;320;"2024-03-12"
699;70;9;60;"2024-10-05"
700;70;10;25;"2024-11-20"
701;71;1;120;"2024-06-15"
702;71;2;85;"2024-07-20"
703;71;3;250;"2024-05-10"
704;71;4;40;"2024-08-25"
705;71;5;180;"2024-04-18"
706;71;6;0;"2024-09-30"
707;71;7;320;"2024-03-12"
708;71;8;60;"2024-10-05"
709;71;9;25;"2024-11-20"
710;71;10;450;"2024-02-28"
711;72;1;85;"2024-07-20"
712;72;2;250;"2024-05-10"
713;72;3;40;"2024-08-25"
714;72;4;180;"2024-04-18"
715;72;5;0;"2024-09-30"
716;72;6;320;"2024-03-12"
717;72;7;60;"2024-10-05"
718;72;8;25;"2024-11-20"
719;72;9;450;"2024-02-28"
720;72;10;120;"2024-06-15"
721;73;1;250;"2024-05-10"
722;73;2;40;"2024-08-25"
723;73;3;180;"2024-04-18"
724;73;4;0;"2024-09-30"
725;73;5;320;"2024-03-12"
726;73;6;60;"2024-10-05"
727;73;7;25;"2024-11-20"
728;73;8;450;"2024-02-28"
729;73;9;120;"2024-06-15"
730;73;10;85;"2024-07-20"
731;74;1;40;"2024-08-25"
732;74;2;180;"2024-04-18"
733;74;3;0;"2024-09-30"
734;74;4;320;"2024-03-12"
735;74;5;60;"2024-10-05"
736;74;6;25;"2024-11-20"
737;74;7;450;"2024-02-28"
738;74;8;120;"2024-06-15"
739;74;9;85;"2024-07-20"
740;74;10;250;"2024-05-10"
741;75;1;180;"2024-04-18"
742;75;2;0;"2024-09-30"
743;75;3;320;"2024-03-12"
744;75;4;60;"2024-10-05"
745;75;5;25;"2024-11-20"
746;75;6;450;"2024-02-28"
747;75;7;120;"2024-06-15"
748;75;8;85;"2024-07-20"
749;75;9;250;"2024-05-10"
750;75;10;40;"2024-08-25"
751;76;1;0;"2024-09-30"
752;76;2;320;"2024-03-12"
753;76;3;60;"2024-10-05"
754;76;4;25;"2024-11-20"
755;76;5;450;"2024-02-28"
756;76;6;120;"2024-06-15"
757;76;7;85;"2024-07-20"
758;76;8;250;"2024-05-10"
759;76;9;40;"2024-08-25"
760;76;10;180;"2024-04-18"
761;77;1;320;"2024-03-12"
762;77;2;60;"2024-10-05"
763;77;3;25;"2024-11-20"
764;77;4;450;"2024-02-28"
765;77;5;120;"2024-06-15"
766;77;6;85;"2024-07-20"
767;77;7;250;"2024-05-10"
768;77;8;40;"2024-08-25"
769;77;9;180;"2024-04-18"
770;77;10;0;"2024-09-30"
771;78;1;60;"2024-10-05"
772;78;2;25;"2024-11-20"
773;78;3;450;"2024-02-28"
774;78;4;120;"2024-06-15"
775;78;5;85;"2024-07-20"
776;78;6;250;"2024-05-10"
777;78;7;40;"2024-08-25"
778;78;8;180;"2024-04-18"
779;78;9;0;"2024-09-30"
780;78;10;320;"2024-03-12"
781;79;1;25;"2024-11-20"
782;79;2;450;"2024-02-28"
783;79;3;120;"2024-06-15"
784;79;4;85;"2024-07-20"
785;79;5;250;"2024-05-10"
786;79;6;40;"2024-08-25"
787;79;7;180;"2024-04-18"
788;79;8;0;"2024-09-30"
789;79;9;320;"2024-03-12"
790;79;10;60;"2024-10-05"
791;80;1;450;"2024-02-28"
792;80;2;120;"2024-06-15"
793;80;3;85;"2024-07-20"
794;80;4;250;"2024-05-10"
795;80;5;40;"2024-08-25"
796;80;6;180;"2024-04-18"
797;80;7;0;"2024-09-30"
798;80;8;320;"2024-03-12"
799;80;9;60;"2024-10-05"
800;80;10;25;"2024-11-20"
801;81;1;120;"2024-06-15"
802;81;2;85;"2024-07-20"
803;81;3;250;"2024-05-10"
804;81;4;40;"2024-08-25"
805;81;5;180;"2024-04-18"
806;81;6;0;"2024-09-30"
807;81;7;320;"2024-03-12"
808;81;8;60;"2024-10-05"
809;81;9;25;"2024-11-20"
810;81;10;450;"2024-02-28"
811;82;1;85;"2024-07-20"
812;82;2;250;"2024-05-10"
813;82;3;40;"2024-08-25"
814;82;4;180;"2024-04-18"
815;82;5;0;"2024-09-30"
816;82;6;320;"2024-03-12"
817;82;7;60;"2024-10-05"
818;82;8;25;"2024-11-20"
819;82;9;450;"2024-02-28"
820;82;10;120;"2024-06-15"
821;83;1;250;"2024-05-10"
822;83;2;40;"2024-08-25"
823;83;3;180;"2024-04-18"
824;83;4;0;"2024-09-30"
825;83;5;320;"2024-03-12"
826;83;6;60;"2024-10-05"
827;83;7;25;"2024-11-20"
828;83;8;450;"2024-02-28"
829;83;9;120;"2024-06-15"
830;83;10;85;"2024-07-20"
831;84;1;40;"2024-08-25"
832;84;2;180;"2024-04-18"
833;84;3;0;"2024-09-30"
834;84;4;320;"2024-03-12"
835;84;5;60;"2024-10-05"
836;84;6;25;"2024-11-20"
837;84;7;450;"2024-02-28"
838;84;8;120;"2024-06-15"
839;84;9;85;"2024-07-20"
840;84;10;250;"2024-05-10"
841;85;1;180;"2024-04-18"
842;85;2;0;"2024-09-30"
843;85;3;320;"2024-03-12"
844;85;4;60;"2024-10-05"
845;85;5;25;"2024-11-20"
846;85;6;450;"2024-02-28"
847;85;7;120;"2024-06-15"
848;85;8;85;"2024-07-20"
849;85;9;250;"2024-05-10"
850;85;10;40;"2024-08-25"
851;86;1;0;"2024-09-30"
852;86;2;320;"2024-03-12"
853;86;3;60;"2024-10-05"
854;86;4;25;"2024-11-20"
855;86;5;450;"2024-02-28"
856;86;6;120;"2024-06-15"
857;86;7;85;"2024-07-20"
858;86;8;250;"2024-05-10"
859;86;9;40;"2024-08-25"
860;86;10;180;"2024-04-18"
861;87;1;320;"2024-03-12"
862;87;2;60;"2024-10-05"
863;87;3;25;"2024-11-20"
864;87;4;450;"2024-02-28"
865;87;5;120;"2024-06-15"
866;87;6;85;"2024-07-20"
867;87;7;250;"2024-05-10"
868;87;8;40;"2024-08-25"
869;87;9;180;"2024-04-18"
870;87;10;0;"2024-09-30"
871;88;1;60;"2024-10-05"
872;88;2;25;"2024-11-20"
873;88;3;450;"2024-02-28"
874;88;4;120;"2024-06-15"
875;88;5;85;"2024-07-20"
876;88;6;250;"2024-05-10"
877;88;7;40;"2024-08-25"
878;88;8;180;"2024-04-18"
879;88;9;0;"2024-09-30"
880;88;10;320;"2024-03-12"
881;89;1;25;"2024-11-20"
882;89;2;450;"2024-02-28"
883;89;3;120;"2024-06-15"
884;89;4;85;"2024-07-20"
885;89;5;250;"2024-05-10"
886;89;6;40;"2024-08-25"
887;89;7;180;"2024-04-18"
888;89;8;0;"2024-09-30"
889;89;9;320;"2024-03-12"
890;89;10;60;"2024-10-05"
891;90;1;450;"2024-02-28"
892;90;2;120;"2024-06-15"
893;90;3;85;"2024-07-20"
894;90;4;250;"2024-05-10"
895;90;5;40;"2024-08-25"
896;90;6;180;"2024-04-18"
897;90;7;0;"2024-09-30"
898;90;8;320;"2024-03-12"
899;90;9;60;"2024-10-05"
900;90;10;25;"2024-11-20"
901;91;1;120;"2024-06-15"
902;91;2;85;"2024-07-20"
903;91;3;250;"2024-05-10"
904;91;4;40;"2024-08-25"
905;91;5;180;"2024-04-18"
906;91;6;0;"2024-09-30"
907;91;7;320;"2024-03-12"
908;91;8;60;"2024-10-05"
909;91;9;25;"2024-11-20"
910;91;10;450;"2024-02-28"
