"order_id";"customer_id";"branch_id";"employee_id";"order_date";"order_status"
1;2;2;6;"2023-01-02";"Delivered"
2;3;3;11;"2023-01-03";"Delivered"
3;4;4;16;"2023-01-04";"Shipped"
4;5;5;21;"2023-01-05";"Delivered"
5;6;6;26;"2023-01-06";"Pending"
6;7;7;31;"2023-01-07";"Delivered"
7;8;8;36;"2023-01-08";"Delivered"
8;9;9;41;"2023-01-09";"Cancelled"
9;10;10;46;"2023-01-10";"Delivered"
10;11;1;1;"2023-01-11";"Delivered"
11;12;2;6;"2023-01-12";"Shipped"
12;13;3;11;"2023-01-13";"Delivered"
13;14;4;16;"2023-01-14";"Returned"
14;15;5;21;"2023-01-15";"Delivered"
15;16;6;26;"2023-01-16";"Pending"
16;17;7;31;"2023-01-17";"Delivered"
17;18;8;36;"2023-01-18";"Delivered"
18;19;9;41;"2023-01-19";"Shipped"
19;20;10;46;"2023-01-20";"Delivered"
20;21;1;1;"2023-01-21";"Delivered"
21;22;2;6;"2023-01-22";"Cancelled"
22;23;3;11;"2023-01-23";"Delivered"
23;24;4;16;"2023-01-24";"Delivered"
24;25;5;21;"2023-01-25";"Pending"
25;26;6;26;"2023-01-26";"Delivered"
26;27;7;31;"2023-01-27";"Shipped"
27;28;8;36;"2023-01-28";"Delivered"
28;29;9;41;"2023-01-29";"Delivered"
29;30;10;46;"2023-01-30";"Returned"
30;31;1;1;"2023-01-31";"Delivered"
31;32;2;6;"2023-02-01";"Delivered"
32;33;3;11;"2023-02-02";"Pending"
33;34;4;16;"2023-02-03";"Delivered"
34;35;5;21;"2023-02-04";"Shipped"
35;36;6;26;"2023-02-05";"Delivered"
36;37;7;31;"2023-02-06";"Delivered"
37;38;8;36;"2023-02-07";"Cancelled"
38;39;9;41;"2023-02-08";"Delivered"
39;40;10;46;"2023-02-09";"Delivered"
40;41;1;1;"2023-02-10";"Pending"
41;42;2;6;"2023-02-11";"Delivered"
42;43;3;11;"2023-02-12";"Shipped"
43;44;4;16;"2023-02-13";"Delivered"
44;45;5;21;"2023-02-14";"Delivered"
45;46;6;26;"2023-02-15";"Returned"
46;47;7;31;"2023-02-16";"Delivered"
47;48;8;36;"2023-02-17";"Delivered"
48;49;9;41;"2023-02-18";"Pending"
49;50;10;46;"2023-02-19";"Delivered"
50;51;1;1;"2023-02-20";"Delivered"
51;52;2;6;"2023-02-21";"Shipped"
52;53;3;11;"2023-02-22";"Delivered"
53;54;4;16;"2023-02-23";"Cancelled"
54;55;5;21;"2023-02-24";"Delivered"
55;56;6;26;"2023-02-25";"Delivered"
56;57;7;31;"2023-02-26";"Pending"
57;58;8;36;"2023-02-27";"Delivered"
58;59;9;41;"2023-02-28";"Shipped"
59;60;10;46;"2023-03-01";"Delivered"
60;61;1;1;"2023-03-02";"Delivered"
61;62;2;6;"2023-03-03";"Returned"
62;63;3;11;"2023-03-04";"Delivered"
63;64;4;16;"2023-03-05";"Delivered"
64;65;5;21;"2023-03-06";"Pending"
65;66;6;26;"2023-03-07";"Delivered"
66;67;7;31;"2023-03-08";"Shipped"
67;68;8;36;"2023-03-09";"Delivered"
68;69;9;41;"2023-03-10";"Cancelled"
69;70;10;46;"2023-03-11";"Delivered"
70;71;1;1;"2023-03-12";"Delivered"
71;72;2;6;"2023-03-13";"Pending"
72;73;3;11;"2023-03-14";"Delivered"
73;74;4;16;"2023-03-15";"Shipped"
74;75;5;21;"2023-03-16";"Delivered"
75;76;6;26;"2023-03-17";"Delivered"
76;77;7;31;"2023-03-18";"Returned"
77;78;8;36;"2023-03-19";"Delivered"
78;79;9;41;"2023-03-20";"Delivered"
79;80;10;46;"2023-03-21";"Pending"
80;81;1;1;"2023-03-22";"Delivered"
81;82;2;6;"2023-03-23";"Shipped"
82;83;3;11;"2023-03-24";"Delivered"
83;84;4;16;"2023-03-25";"Cancelled"
84;85;5;21;"2023-03-26";"Delivered"
85;86;6;26;"2023-03-27";"Delivered"
86;87;7;31;"2023-03-28";"Pending"
87;88;8;36;"2023-03-29";"Delivered"
88;89;9;41;"2023-03-30";"Shipped"
89;90;10;46;"2023-03-31";"Delivered"
90;91;1;1;"2023-04-01";"Delivered"
91;92;2;6;"2023-04-02";"Returned"
92;93;3;11;"2023-04-03";"Delivered"
93;94;4;16;"2023-04-04";"Delivered"
94;95;5;21;"2023-04-05";"Pending"
95;96;6;26;"2023-04-06";"Delivered"
96;97;7;31;"2023-04-07";"Shipped"
97;98;8;36;"2023-04-08";"Delivered"
98;99;9;41;"2023-04-09";"Cancelled"
99;100;10;46;"2023-04-10";"Delivered"
100;101;1;1;"2023-04-11";"Delivered"
101;102;2;6;"2023-04-12";"Pending"
102;103;3;11;"2023-04-13";"Delivered"
103;104;4;16;"2023-04-14";"Shipped"
104;105;5;21;"2023-04-15";"Delivered"
105;106;6;26;"2023-04-16";"Delivered"
106;107;7;31;"2023-04-17";"Returned"
107;108;8;36;"2023-04-18";"Delivered"
108;109;9;41;"2023-04-19";"Delivered"
109;110;10;46;"2023-04-20";"Pending"
110;111;1;1;"2023-04-21";"Delivered"
111;112;2;6;"2023-04-22";"Shipped"
112;113;3;11;"2023-04-23";"Delivered"
113;114;4;16;"2023-04-24";"Cancelled"
114;115;5;21;"2023-04-25";"Delivered"
115;116;6;26;"2023-04-26";"Delivered"
116;117;7;31;"2023-04-27";"Pending"
117;118;8;36;"2023-04-28";"Delivered"
118;119;9;41;"2023-04-29";"Shipped"
119;120;10;46;"2023-04-30";"Delivered"
120;121;1;1;"2023-05-01";"Delivered"
121;122;2;6;"2023-05-02";"Returned"
122;123;3;11;"2023-05-03";"Delivered"
123;124;4;16;"2023-05-04";"Delivered"
124;125;5;21;"2023-05-05";"Pending"
125;126;6;26;"2023-05-06";"Delivered"
126;127;7;31;"2023-05-07";"Shipped"
127;128;8;36;"2023-05-08";"Delivered"
128;129;9;41;"2023-05-09";"Cancelled"
129;130;10;46;"2023-05-10";"Delivered"
130;131;1;1;"2023-05-11";"Delivered"
131;132;2;6;"2023-05-12";"Pending"
132;133;3;11;"2023-05-13";"Delivered"
133;134;4;16;"2023-05-14";"Shipped"
134;135;5;21;"2023-05-15";"Delivered"
135;136;6;26;"2023-05-16";"Delivered"
136;137;7;31;"2023-05-17";"Returned"
137;138;8;36;"2023-05-18";"Delivered"
138;139;9;41;"2023-05-19";"Delivered"
139;140;10;46;"2023-05-20";"Pending"
140;141;1;1;"2023-05-21";"Delivered"
141;142;2;6;"2023-05-22";"Shipped"
142;143;3;11;"2023-05-23";"Delivered"
143;144;4;16;"2023-05-24";"Cancelled"
144;145;5;21;"2023-05-25";"Delivered"
145;146;6;26;"2023-05-26";"Delivered"
146;147;7;31;"2023-05-27";"Pending"
147;148;8;36;"2023-05-28";"Delivered"
148;149;9;41;"2023-05-29";"Shipped"
149;150;10;46;"2023-05-30";"Delivered"
150;151;1;1;"2023-05-31";"Delivered"
151;152;2;6;"2023-06-01";"Returned"
152;153;3;11;"2023-06-02";"Delivered"
153;154;4;16;"2023-06-03";"Delivered"
154;155;5;21;"2023-06-04";"Pending"
155;156;6;26;"2023-06-05";"Delivered"
156;157;7;31;"2023-06-06";"Shipped"
157;158;8;36;"2023-06-07";"Delivered"
158;159;9;41;"2023-06-08";"Cancelled"
159;160;10;46;"2023-06-09";"Delivered"
160;161;1;1;"2023-06-10";"Delivered"
161;162;2;6;"2023-06-11";"Pending"
162;163;3;11;"2023-06-12";"Delivered"
163;164;4;16;"2023-06-13";"Shipped"
164;165;5;21;"2023-06-14";"Delivered"
165;166;6;26;"2023-06-15";"Delivered"
166;167;7;31;"2023-06-16";"Returned"
167;168;8;36;"2023-06-17";"Delivered"
168;169;9;41;"2023-06-18";"Delivered"
169;170;10;46;"2023-06-19";"Pending"
170;171;1;1;"2023-06-20";"Delivered"
171;172;2;6;"2023-06-21";"Shipped"
172;173;3;11;"2023-06-22";"Delivered"
173;174;4;16;"2023-06-23";"Cancelled"
174;175;5;21;"2023-06-24";"Delivered"
175;176;6;26;"2023-06-25";"Delivered"
176;177;7;31;"2023-06-26";"Pending"
177;178;8;36;"2023-06-27";"Delivered"
178;179;9;41;"2023-06-28";"Shipped"
179;180;10;46;"2023-06-29";"Delivered"
180;181;1;1;"2023-06-30";"Delivered"
181;182;2;6;"2023-07-01";"Returned"
182;183;3;11;"2023-07-02";"Delivered"
183;184;4;16;"2023-07-03";"Delivered"
184;185;5;21;"2023-07-04";"Pending"
185;186;6;26;"2023-07-05";"Delivered"
186;187;7;31;"2023-07-06";"Shipped"
187;188;8;36;"2023-07-07";"Delivered"
188;189;9;41;"2023-07-08";"Cancelled"
189;190;10;46;"2023-07-09";"Delivered"
190;191;1;1;"2023-07-10";"Delivered"
191;192;2;6;"2023-07-11";"Pending"
192;193;3;11;"2023-07-12";"Delivered"
193;194;4;16;"2023-07-13";"Shipped"
194;195;5;21;"2023-07-14";"Delivered"
195;196;6;26;"2023-07-15";"Delivered"
196;197;7;31;"2023-07-16";"Returned"
197;198;8;36;"2023-07-17";"Delivered"
198;199;9;41;"2023-07-18";"Delivered"
199;200;10;46;"2023-07-19";"Pending"
200;201;1;1;"2023-07-20";"Delivered"
201;202;2;6;"2023-07-21";"Shipped"
202;203;3;11;"2023-07-22";"Delivered"
203;204;4;16;"2023-07-23";"Cancelled"
204;205;5;21;"2023-07-24";"Delivered"
205;206;6;26;"2023-07-25";"Delivered"
206;207;7;31;"2023-07-26";"Pending"
207;208;8;36;"2023-07-27";"Delivered"
208;209;9;41;"2023-07-28";"Shipped"
209;210;10;46;"2023-07-29";"Delivered"
210;211;1;1;"2023-07-30";"Delivered"
211;212;2;6;"2023-07-31";"Returned"
212;213;3;11;"2023-08-01";"Delivered"
213;214;4;16;"2023-08-02";"Delivered"
214;215;5;21;"2023-08-03";"Pending"
215;216;6;26;"2023-08-04";"Delivered"
216;217;7;31;"2023-08-05";"Shipped"
217;218;8;36;"2023-08-06";"Delivered"
218;219;9;41;"2023-08-07";"Cancelled"
219;220;10;46;"2023-08-08";"Delivered"
220;221;1;1;"2023-08-09";"Delivered"
221;222;2;6;"2023-08-10";"Pending"
222;223;3;11;"2023-08-11";"Delivered"
223;224;4;16;"2023-08-12";"Shipped"
224;225;5;21;"2023-08-13";"Delivered"
225;226;6;26;"2023-08-14";"Delivered"
226;227;7;31;"2023-08-15";"Returned"
227;228;8;36;"2023-08-16";"Delivered"
228;229;9;41;"2023-08-17";"Delivered"
229;230;10;46;"2023-08-18";"Pending"
230;231;1;1;"2023-08-19";"Delivered"
231;232;2;6;"2023-08-20";"Shipped"
232;233;3;11;"2023-08-21";"Delivered"
233;234;4;16;"2023-08-22";"Cancelled"
234;235;5;21;"2023-08-23";"Delivered"
235;236;6;26;"2023-08-24";"Delivered"
236;237;7;31;"2023-08-25";"Pending"
237;238;8;36;"2023-08-26";"Delivered"
238;239;9;41;"2023-08-27";"Shipped"
239;240;10;46;"2023-08-28";"Delivered"
240;241;1;1;"2023-08-29";"Delivered"
241;242;2;6;"2023-08-30";"Returned"
242;243;3;11;"2023-08-31";"Delivered"
243;244;4;16;"2023-09-01";"Delivered"
244;245;5;21;"2023-09-02";"Pending"
245;246;6;26;"2023-09-03";"Delivered"
246;247;7;31;"2023-09-04";"Shipped"
247;248;8;36;"2023-09-05";"Delivered"
248;249;9;41;"2023-09-06";"Cancelled"
249;250;10;46;"2023-09-07";"Delivered"
250;251;1;1;"2023-09-08";"Delivered"
251;252;2;6;"2023-09-09";"Pending"
252;253;3;11;"2023-09-10";"Delivered"
253;254;4;16;"2023-09-11";"Shipped"
254;255;5;21;"2023-09-12";"Delivered"
255;256;6;26;"2023-09-13";"Delivered"
256;257;7;31;"2023-09-14";"Returned"
257;258;8;36;"2023-09-15";"Delivered"
258;259;9;41;"2023-09-16";"Delivered"
259;260;10;46;"2023-09-17";"Pending"
260;261;1;1;"2023-09-18";"Delivered"
261;262;2;6;"2023-09-19";"Shipped"
262;263;3;11;"2023-09-20";"Delivered"
263;264;4;16;"2023-09-21";"Cancelled"
264;265;5;21;"2023-09-22";"Delivered"
265;266;6;26;"2023-09-23";"Delivered"
266;267;7;31;"2023-09-24";"Pending"
267;268;8;36;"2023-09-25";"Delivered"
268;269;9;41;"2023-09-26";"Shipped"
269;270;10;46;"2023-09-27";"Delivered"
270;271;1;1;"2023-09-28";"Delivered"
271;272;2;6;"2023-09-29";"Returned"
272;273;3;11;"2023-09-30";"Delivered"
273;274;4;16;"2023-10-01";"Delivered"
274;275;5;21;"2023-10-02";"Pending"
275;276;6;26;"2023-10-03";"Delivered"
276;277;7;31;"2023-10-04";"Shipped"
277;278;8;36;"2023-10-05";"Delivered"
278;279;9;41;"2023-10-06";"Cancelled"
279;280;10;46;"2023-10-07";"Delivered"
280;281;1;1;"2023-10-08";"Delivered"
281;282;2;6;"2023-10-09";"Pending"
282;283;3;11;"2023-10-10";"Delivered"
283;284;4;16;"2023-10-11";"Shipped"
284;285;5;21;"2023-10-12";"Delivered"
285;286;6;26;"2023-10-13";"Delivered"
286;287;7;31;"2023-10-14";"Returned"
287;288;8;36;"2023-10-15";"Delivered"
288;289;9;41;"2023-10-16";"Delivered"
289;290;10;46;"2023-10-17";"Pending"
290;291;1;1;"2023-10-18";"Delivered"
291;292;2;6;"2023-10-19";"Shipped"
292;293;3;11;"2023-10-20";"Delivered"
293;294;4;16;"2023-10-21";"Cancelled"
294;295;5;21;"2023-10-22";"Delivered"
295;296;6;26;"2023-10-23";"Delivered"
296;297;7;31;"2023-10-24";"Pending"
297;298;8;36;"2023-10-25";"Delivered"
298;299;9;41;"2023-10-26";"Shipped"
299;300;10;46;"2023-10-27";"Delivered"
300;1;1;1;"2023-10-28";"Delivered"
301;2;2;6;"2023-10-29";"Returned"
302;3;3;11;"2023-10-30";"Delivered"
303;4;4;16;"2023-10-31";"Delivered"
304;5;5;21;"2023-11-01";"Pending"
305;6;6;26;"2023-11-02";"Delivered"
306;7;7;31;"2023-11-03";"Shipped"
307;8;8;36;"2023-11-04";"Delivered"
308;9;9;41;"2023-11-05";"Cancelled"
309;10;10;46;"2023-11-06";"Delivered"
310;11;1;1;"2023-11-07";"Delivered"
311;12;2;6;"2023-11-08";"Pending"
312;13;3;11;"2023-11-09";"Delivered"
313;14;4;16;"2023-11-10";"Shipped"
314;15;5;21;"2023-11-11";"Delivered"
315;16;6;26;"2023-11-12";"Delivered"
316;17;7;31;"2023-11-13";"Returned"
317;18;8;36;"2023-11-14";"Delivered"
318;19;9;41;"2023-11-15";"Delivered"
319;20;10;46;"2023-11-16";"Pending"
320;21;1;1;"2023-11-17";"Delivered"
321;22;2;6;"2023-11-18";"Shipped"
322;23;3;11;"2023-11-19";"Delivered"
323;24;4;16;"2023-11-20";"Cancelled"
324;25;5;21;"2023-11-21";"Delivered"
325;26;6;26;"2023-11-22";"Delivered"
326;27;7;31;"2023-11-23";"Pending"
327;28;8;36;"2023-11-24";"Delivered"
328;29;9;41;"2023-11-25";"Shipped"
329;30;10;46;"2023-11-26";"Delivered"
330;31;1;1;"2023-11-27";"Delivered"
331;32;2;6;"2023-11-28";"Returned"
332;33;3;11;"2023-11-29";"Delivered"
333;34;4;16;"2023-11-30";"Delivered"
334;35;5;21;"2023-12-01";"Pending"
335;36;6;26;"2023-12-02";"Delivered"
336;37;7;31;"2023-12-03";"Shipped"
337;38;8;36;"2023-12-04";"Delivered"
338;39;9;41;"2023-12-05";"Cancelled"
339;40;10;46;"2023-12-06";"Delivered"
340;41;1;1;"2023-12-07";"Delivered"
341;42;2;6;"2023-12-08";"Pending"
342;43;3;11;"2023-12-09";"Delivered"
343;44;4;16;"2023-12-10";"Shipped"
344;45;5;21;"2023-12-11";"Delivered"
345;46;6;26;"2023-12-12";"Delivered"
346;47;7;31;"2023-12-13";"Returned"
347;48;8;36;"2023-12-14";"Delivered"
348;49;9;41;"2023-12-15";"Delivered"
349;50;10;46;"2023-12-16";"Pending"
350;51;1;1;"2023-12-17";"Delivered"
351;52;2;6;"2023-12-18";"Shipped"
352;53;3;11;"2023-12-19";"Delivered"
353;54;4;16;"2023-12-20";"Cancelled"
354;55;5;21;"2023-12-21";"Delivered"
355;56;6;26;"2023-12-22";"Delivered"
356;57;7;31;"2023-12-23";"Pending"
357;58;8;36;"2023-12-24";"Delivered"
358;59;9;41;"2023-12-25";"Shipped"
359;60;10;46;"2023-12-26";"Delivered"
360;61;1;1;"2023-12-27";"Delivered"
361;62;2;6;"2023-12-28";"Returned"
362;63;3;11;"2023-12-29";"Delivered"
363;64;4;16;"2023-12-30";"Delivered"
364;65;5;21;"2023-12-31";"Pending"
365;66;6;26;"2024-01-01";"Delivered"
366;67;7;31;"2024-01-02";"Shipped"
367;68;8;36;"2024-01-03";"Delivered"
368;69;9;41;"2024-01-04";"Cancelled"
369;70;10;46;"2024-01-05";"Delivered"
370;71;1;1;"2024-01-06";"Delivered"
371;72;2;6;"2024-01-07";"Pending"
372;73;3;11;"2024-01-08";"Delivered"
373;74;4;16;"2024-01-09";"Shipped"
374;75;5;21;"2024-01-10";"Delivered"
375;76;6;26;"2024-01-11";"Delivered"
376;77;7;31;"2024-01-12";"Returned"
377;78;8;36;"2024-01-13";"Delivered"
378;79;9;41;"2024-01-14";"Delivered"
379;80;10;46;"2024-01-15";"Pending"
380;81;1;1;"2024-01-16";"Delivered"
381;82;2;6;"2024-01-17";"Shipped"
382;83;3;11;"2024-01-18";"Delivered"
383;84;4;16;"2024-01-19";"Cancelled"
384;85;5;21;"2024-01-20";"Delivered"
385;86;6;26;"2024-01-21";"Delivered"
386;87;7;31;"2024-01-22";"Pending"
387;88;8;36;"2024-01-23";"Delivered"
388;89;9;41;"2024-01-24";"Shipped"
389;90;10;46;"2024-01-25";"Delivered"
390;91;1;1;"2024-01-26";"Delivered"
391;92;2;6;"2024-01-27";"Returned"
392;93;3;11;"2024-01-28";"Delivered"
393;94;4;16;"2024-01-29";"Delivered"
394;95;5;21;"2024-01-30";"Pending"
395;96;6;26;"2024-01-31";"Delivered"
396;97;7;31;"2024-02-01";"Shipped"
397;98;8;36;"2024-02-02";"Delivered"
398;99;9;41;"2024-02-03";"Cancelled"
399;100;10;46;"2024-02-04";"Delivered"
400;101;1;1;"2024-02-05";"Delivered"
401;102;2;6;"2024-02-06";"Pending"
402;103;3;11;"2024-02-07";"Delivered"
403;104;4;16;"2024-02-08";"Shipped"
404;105;5;21;"2024-02-09";"Delivered"
405;106;6;26;"2024-02-10";"Delivered"
406;107;7;31;"2024-02-11";"Returned"
407;108;8;36;"2024-02-12";"Delivered"
408;109;9;41;"2024-02-13";"Delivered"
409;110;10;46;"2024-02-14";"Pending"
410;111;1;1;"2024-02-15";"Delivered"
411;112;2;6;"2024-02-16";"Shipped"
412;113;3;11;"2024-02-17";"Delivered"
413;114;4;16;"2024-02-18";"Cancelled"
414;115;5;21;"2024-02-19";"Delivered"
415;116;6;26;"2024-02-20";"Delivered"
416;117;7;31;"2024-02-21";"Pending"
417;118;8;36;"2024-02-22";"Delivered"
418;119;9;41;"2024-02-23";"Shipped"
419;120;10;46;"2024-02-24";"Delivered"
420;121;1;1;"2024-02-25";"Delivered"
421;122;2;6;"2024-02-26";"Returned"
422;123;3;11;"2024-02-27";"Delivered"
423;124;4;16;"2024-02-28";"Delivered"
424;125;5;21;"2024-02-29";"Pending"
425;126;6;26;"2024-03-01";"Delivered"
426;127;7;31;"2024-03-02";"Shipped"
427;128;8;36;"2024-03-03";"Delivered"
428;129;9;41;"2024-03-04";"Cancelled"
429;130;10;46;"2024-03-05";"Delivered"
430;131;1;1;"2024-03-06";"Delivered"
431;132;2;6;"2024-03-07";"Pending"
432;133;3;11;"2024-03-08";"Delivered"
433;134;4;16;"2024-03-09";"Shipped"
434;135;5;21;"2024-03-10";"Delivered"
435;136;6;26;"2024-03-11";"Delivered"
436;137;7;31;"2024-03-12";"Returned"
437;138;8;36;"2024-03-13";"Delivered"
438;139;9;41;"2024-03-14";"Delivered"
439;140;10;46;"2024-03-15";"Pending"
440;141;1;1;"2024-03-16";"Delivered"
441;142;2;6;"2024-03-17";"Shipped"
442;143;3;11;"2024-03-18";"Delivered"
443;144;4;16;"2024-03-19";"Cancelled"
444;145;5;21;"2024-03-20";"Delivered"
445;146;6;26;"2024-03-21";"Delivered"
446;147;7;31;"2024-03-22";"Pending"
447;148;8;36;"2024-03-23";"Delivered"
448;149;9;41;"2024-03-24";"Shipped"
449;150;10;46;"2024-03-25";"Delivered"
450;151;1;1;"2024-03-26";"Delivered"
451;152;2;6;"2024-03-27";"Returned"
452;153;3;11;"2024-03-28";"Delivered"
453;154;4;16;"2024-03-29";"Delivered"
454;155;5;21;"2024-03-30";"Pending"
455;156;6;26;"2024-03-31";"Delivered"
456;157;7;31;"2024-04-01";"Shipped"
457;158;8;36;"2024-04-02";"Delivered"
458;159;9;41;"2024-04-03";"Cancelled"
459;160;10;46;"2024-04-04";"Delivered"
460;161;1;1;"2024-04-05";"Delivered"
461;162;2;6;"2024-04-06";"Pending"
462;163;3;11;"2024-04-07";"Delivered"
463;164;4;16;"2024-04-08";"Shipped"
464;165;5;21;"2024-04-09";"Delivered"
465;166;6;26;"2024-04-10";"Delivered"
466;167;7;31;"2024-04-11";"Returned"
467;168;8;36;"2024-04-12";"Delivered"
468;169;9;41;"2024-04-13";"Delivered"
469;170;10;46;"2024-04-14";"Pending"
470;171;1;1;"2024-04-15";"Delivered"
471;172;2;6;"2024-04-16";"Shipped"
472;173;3;11;"2024-04-17";"Delivered"
473;174;4;16;"2024-04-18";"Cancelled"
474;175;5;21;"2024-04-19";"Delivered"
475;176;6;26;"2024-04-20";"Delivered"
476;177;7;31;"2024-04-21";"Pending"
477;178;8;36;"2024-04-22";"Delivered"
478;179;9;41;"2024-04-23";"Shipped"
479;180;10;46;"2024-04-24";"Delivered"
480;181;1;1;"2024-04-25";"Delivered"
481;182;2;6;"2024-04-26";"Returned"
482;183;3;11;"2024-04-27";"Delivered"
483;184;4;16;"2024-04-28";"Delivered"
484;185;5;21;"2024-04-29";"Pending"
485;186;6;26;"2024-04-30";"Delivered"
486;187;7;31;"2024-05-01";"Shipped"
487;188;8;36;"2024-05-02";"Delivered"
488;189;9;41;"2024-05-03";"Cancelled"
489;190;10;46;"2024-05-04";"Delivered"
490;191;1;1;"2024-05-05";"Delivered"
491;192;2;6;"2024-05-06";"Pending"
492;193;3;11;"2024-05-07";"Delivered"
493;194;4;16;"2024-05-08";"Shipped"
494;195;5;21;"2024-05-09";"Delivered"
495;196;6;26;"2024-05-10";"Delivered"
496;197;7;31;"2024-05-11";"Returned"
497;198;8;36;"2024-05-12";"Delivered"
498;199;9;41;"2024-05-13";"Delivered"
499;200;10;46;"2024-05-14";"Pending"
500;201;1;1;"2024-05-15";"Delivered"
501;202;2;6;"2024-05-16";"Shipped"
502;203;3;11;"2024-05-17";"Delivered"
503;204;4;16;"2024-05-18";"Cancelled"
504;205;5;21;"2024-05-19";"Delivered"
505;206;6;26;"2024-05-20";"Delivered"
506;207;7;31;"2024-05-21";"Pending"
507;208;8;36;"2024-05-22";"Delivered"
508;209;9;41;"2024-05-23";"Shipped"
509;210;10;46;"2024-05-24";"Delivered"
510;211;1;1;"2024-05-25";"Delivered"
511;212;2;6;"2024-05-26";"Returned"
512;213;3;11;"2024-05-27";"Delivered"
513;214;4;16;"2024-05-28";"Delivered"
514;215;5;21;"2024-05-29";"Pending"
515;216;6;26;"2024-05-30";"Delivered"
516;217;7;31;"2024-05-31";"Shipped"
517;218;8;36;"2024-06-01";"Delivered"
518;219;9;41;"2024-06-02";"Cancelled"
519;220;10;46;"2024-06-03";"Delivered"
520;221;1;1;"2024-06-04";"Delivered"
521;222;2;6;"2024-06-05";"Pending"
522;223;3;11;"2024-06-06";"Delivered"
523;224;4;16;"2024-06-07";"Shipped"
524;225;5;21;"2024-06-08";"Delivered"
525;226;6;26;"2024-06-09";"Delivered"
526;227;7;31;"2024-06-10";"Returned"
527;228;8;36;"2024-06-11";"Delivered"
528;229;9;41;"2024-06-12";"Delivered"
529;230;10;46;"2024-06-13";"Pending"
530;231;1;1;"2024-06-14";"Delivered"
531;232;2;6;"2024-06-15";"Shipped"
532;233;3;11;"2024-06-16";"Delivered"
533;234;4;16;"2024-06-17";"Cancelled"
534;235;5;21;"2024-06-18";"Delivered"
535;236;6;26;"2024-06-19";"Delivered"
536;237;7;31;"2024-06-20";"Pending"
537;238;8;36;"2024-06-21";"Delivered"
538;239;9;41;"2024-06-22";"Shipped"
539;240;10;46;"2024-06-23";"Delivered"
540;241;1;1;"2024-06-24";"Delivered"
541;242;2;6;"2024-06-25";"Returned"
542;243;3;11;"2024-06-26";"Delivered"
543;244;4;16;"2024-06-27";"Delivered"
544;245;5;21;"2024-06-28";"Pending"
545;246;6;26;"2024-06-29";"Delivered"
546;247;7;31;"2024-06-30";"Shipped"
547;248;8;36;"2024-07-01";"Delivered"
548;249;9;41;"2024-07-02";"Cancelled"
549;250;10;46;"2024-07-03";"Delivered"
550;251;1;1;"2024-07-04";"Delivered"
551;252;2;6;"2024-07-05";"Pending"
552;253;3;11;"2024-07-06";"Delivered"
553;254;4;16;"2024-07-07";"Shipped"
554;255;5;21;"2024-07-08";"Delivered"
555;256;6;26;"2024-07-09";"Delivered"
556;257;7;31;"2024-07-10";"Returned"
557;258;8;36;"2024-07-11";"Delivered"
558;259;9;41;"2024-07-12";"Delivered"
559;260;10;46;"2024-07-13";"Pending"
560;261;1;1;"2024-07-14";"Delivered"
561;262;2;6;"2024-07-15";"Shipped"
562;263;3;11;"2024-07-16";"Delivered"
563;264;4;16;"2024-07-17";"Cancelled"
564;265;5;21;"2024-07-18";"Delivered"
565;266;6;26;"2024-07-19";"Delivered"
566;267;7;31;"2024-07-20";"Pending"
567;268;8;36;"2024-07-21";"Delivered"
568;269;9;41;"2024-07-22";"Shipped"
569;270;10;46;"2024-07-23";"Delivered"
570;271;1;1;"2024-07-24";"Delivered"
571;272;2;6;"2024-07-25";"Returned"
572;273;3;11;"2024-07-26";"Delivered"
573;274;4;16;"2024-07-27";"Delivered"
574;275;5;21;"2024-07-28";"Pending"
575;276;6;26;"2024-07-29";"Delivered"
576;277;7;31;"2024-07-30";"Shipped"
577;278;8;36;"2024-07-31";"Delivered"
578;279;9;41;"2024-08-01";"Cancelled"
579;280;10;46;"2024-08-02";"Delivered"
580;281;1;1;"2024-08-03";"Delivered"
581;282;2;6;"2024-08-04";"Pending"
582;283;3;11;"2024-08-05";"Delivered"
583;284;4;16;"2024-08-06";"Shipped"
584;285;5;21;"2024-08-07";"Delivered"
585;286;6;26;"2024-08-08";"Delivered"
586;287;7;31;"2024-08-09";"Returned"
587;288;8;36;"2024-08-10";"Delivered"
588;289;9;41;"2024-08-11";"Delivered"
589;290;10;46;"2024-08-12";"Pending"
590;291;1;1;"2024-08-13";"Delivered"
591;292;2;6;"2024-08-14";"Shipped"
592;293;3;11;"2024-08-15";"Delivered"
593;294;4;16;"2024-08-16";"Cancelled"
594;295;5;21;"2024-08-17";"Delivered"
595;296;6;26;"2024-08-18";"Delivered"
596;297;7;31;"2024-08-19";"Pending"
597;298;8;36;"2024-08-20";"Delivered"
598;299;9;41;"2024-08-21";"Shipped"
599;300;10;46;"2024-08-22";"Delivered"
600;1;1;1;"2024-08-23";"Delivered"
601;2;2;6;"2024-08-24";"Returned"
602;3;3;11;"2024-08-25";"Delivered"
603;4;4;16;"2024-08-26";"Delivered"
604;5;5;21;"2024-08-27";"Pending"
605;6;6;26;"2024-08-28";"Delivered"
606;7;7;31;"2024-08-29";"Shipped"
607;8;8;36;"2024-08-30";"Delivered"
608;9;9;41;"2024-08-31";"Cancelled"
609;10;10;46;"2024-09-01";"Delivered"
610;11;1;1;"2024-09-02";"Delivered"
611;12;2;6;"2024-09-03";"Pending"
612;13;3;11;"2024-09-04";"Delivered"
613;14;4;16;"2024-09-05";"Shipped"
614;15;5;21;"2024-09-06";"Delivered"
615;16;6;26;"2024-09-07";"Delivered"
616;17;7;31;"2024-09-08";"Returned"
617;18;8;36;"2024-09-09";"Delivered"
618;19;9;41;"2024-09-10";"Delivered"
619;20;10;46;"2024-09-11";"Pending"
620;21;1;1;"2024-09-12";"Delivered"
621;22;2;6;"2024-09-13";"Shipped"
622;23;3;11;"2024-09-14";"Delivered"
623;24;4;16;"2024-09-15";"Cancelled"
624;25;5;21;"2024-09-16";"Delivered"
625;26;6;26;"2024-09-17";"Delivered"
626;27;7;31;"2024-09-18";"Pending"
627;28;8;36;"2024-09-19";"Delivered"
628;29;9;41;"2024-09-20";"Shipped"
629;30;10;46;"2024-09-21";"Delivered"
630;31;1;1;"2024-09-22";"Delivered"
631;32;2;6;"2024-09-23";"Returned"
632;33;3;11;"2024-09-24";"Delivered"
633;34;4;16;"2024-09-25";"Delivered"
634;35;5;21;"2024-09-26";"Pending"
635;36;6;26;"2024-09-27";"Delivered"
636;37;7;31;"2024-09-28";"Shipped"
637;38;8;36;"2024-09-29";"Delivered"
638;39;9;41;"2024-09-30";"Cancelled"
639;40;10;46;"2024-10-01";"Delivered"
640;41;1;1;"2024-10-02";"Delivered"
641;42;2;6;"2024-10-03";"Pending"
642;43;3;11;"2024-10-04";"Delivered"
643;44;4;16;"2024-10-05";"Shipped"
644;45;5;21;"2024-10-06";"Delivered"
645;46;6;26;"2024-10-07";"Delivered"
646;47;7;31;"2024-10-08";"Returned"
647;48;8;36;"2024-10-09";"Delivered"
648;49;9;41;"2024-10-10";"Delivered"
649;50;10;46;"2024-10-11";"Pending"
650;51;1;1;"2024-10-12";"Delivered"
651;52;2;6;"2024-10-13";"Shipped"
652;53;3;11;"2024-10-14";"Delivered"
653;54;4;16;"2024-10-15";"Cancelled"
654;55;5;21;"2024-10-16";"Delivered"
655;56;6;26;"2024-10-17";"Delivered"
656;57;7;31;"2024-10-18";"Pending"
657;58;8;36;"2024-10-19";"Delivered"
658;59;9;41;"2024-10-20";"Shipped"
659;60;10;46;"2024-10-21";"Delivered"
660;61;1;1;"2024-10-22";"Delivered"
661;62;2;6;"2024-10-23";"Returned"
662;63;3;11;"2024-10-24";"Delivered"
663;64;4;16;"2024-10-25";"Delivered"
664;65;5;21;"2024-10-26";"Pending"
665;66;6;26;"2024-10-27";"Delivered"
666;67;7;31;"2024-10-28";"Shipped"
667;68;8;36;"2024-10-29";"Delivered"
668;69;9;41;"2024-10-30";"Cancelled"
669;70;10;46;"2024-10-31";"Delivered"
670;71;1;1;"2024-11-01";"Delivered"
671;72;2;6;"2024-11-02";"Pending"
672;73;3;11;"2024-11-03";"Delivered"
673;74;4;16;"2024-11-04";"Shipped"
674;75;5;21;"2024-11-05";"Delivered"
675;76;6;26;"2024-11-06";"Delivered"
676;77;7;31;"2024-11-07";"Returned"
677;78;8;36;"2024-11-08";"Delivered"
678;79;9;41;"2024-11-09";"Delivered"
679;80;10;46;"2024-11-10";"Pending"
680;81;1;1;"2024-11-11";"Delivered"
681;82;2;6;"2024-11-12";"Shipped"
682;83;3;11;"2024-11-13";"Delivered"
683;84;4;16;"2024-11-14";"Cancelled"
684;85;5;21;"2024-11-15";"Delivered"
685;86;6;26;"2024-11-16";"Delivered"
686;87;7;31;"2024-11-17";"Pending"
687;88;8;36;"2024-11-18";"Delivered"
688;89;9;41;"2024-11-19";"Shipped"
689;90;10;46;"2024-11-20";"Delivered"
690;91;1;1;"2024-11-21";"Delivered"
691;92;2;6;"2024-11-22";"Returned"
692;93;3;11;"2024-11-23";"Delivered"
693;94;4;16;"2024-11-24";"Delivered"
694;95;5;21;"2024-11-25";"Pending"
695;96;6;26;"2024-11-26";"Delivered"
696;97;7;31;"2024-11-27";"Shipped"
697;98;8;36;"2024-11-28";"Delivered"
698;99;9;41;"2024-11-29";"Cancelled"
699;100;10;46;"2024-11-30";"Delivered"
700;101;1;1;"2024-12-01";"Delivered"
701;102;2;6;"2024-12-02";"Pending"
702;103;3;11;"2024-12-03";"Delivered"
703;104;4;16;"2024-12-04";"Shipped"
704;105;5;21;"2024-12-05";"Delivered"
705;106;6;26;"2024-12-06";"Delivered"
706;107;7;31;"2024-12-07";"Returned"
707;108;8;36;"2024-12-08";"Delivered"
708;109;9;41;"2024-12-09";"Delivered"
709;110;10;46;"2024-12-10";"Pending"
710;111;1;1;"2024-12-11";"Delivered"
711;112;2;6;"2024-12-12";"Shipped"
712;113;3;11;"2024-12-13";"Delivered"
713;114;4;16;"2024-12-14";"Cancelled"
714;115;5;21;"2024-12-15";"Delivered"
715;116;6;26;"2024-12-16";"Delivered"
716;117;7;31;"2024-12-17";"Pending"
717;118;8;36;"2024-12-18";"Delivered"
718;119;9;41;"2024-12-19";"Shipped"
719;120;10;46;"2024-12-20";"Delivered"
720;121;1;1;"2024-12-21";"Delivered"
721;122;2;6;"2024-12-22";"Returned"
722;123;3;11;"2024-12-23";"Delivered"
723;124;4;16;"2024-12-24";"Delivered"
724;125;5;21;"2024-12-25";"Pending"
725;126;6;26;"2024-12-26";"Delivered"
726;127;7;31;"2024-12-27";"Shipped"
727;128;8;36;"2024-12-28";"Delivered"
728;129;9;41;"2024-12-29";"Cancelled"
729;130;10;46;"2024-12-30";"Delivered"
730;131;1;1;"2024-12-31";"Delivered"
731;132;2;6;"2023-01-05";"Pending"
732;133;3;11;"2023-01-10";"Delivered"
733;134;4;16;"2023-01-15";"Shipped"
734;135;5;21;"2023-01-20";"Delivered"
735;136;6;26;"2023-01-25";"Delivered"
736;137;7;31;"2023-01-30";"Returned"
737;138;8;36;"2023-02-04";"Delivered"
738;139;9;41;"2023-02-09";"Delivered"
739;140;10;46;"2023-02-14";"Pending"
740;141;1;1;"2023-02-19";"Delivered"
741;142;2;6;"2023-02-24";"Shipped"
742;143;3;11;"2023-03-01";"Delivered"
743;144;4;16;"2023-03-06";"Cancelled"
744;145;5;21;"2023-03-11";"Delivered"
745;146;6;26;"2023-03-16";"Delivered"
746;147;7;31;"2023-03-21";"Pending"
747;148;8;36;"2023-03-26";"Delivered"
748;149;9;41;"2023-03-31";"Shipped"
749;150;10;46;"2023-04-05";"Delivered"
750;151;1;1;"2023-04-10";"Delivered"
751;152;2;6;"2023-04-15";"Returned"
752;153;3;11;"2023-04-20";"Delivered"
753;154;4;16;"2023-04-25";"Delivered"
754;155;5;21;"2023-04-30";"Pending"
755;156;6;26;"2023-05-05";"Delivered"
756;157;7;31;"2023-05-10";"Shipped"
757;158;8;36;"2023-05-15";"Delivered"
758;159;9;41;"2023-05-20";"Cancelled"
759;160;10;46;"2023-05-25";"Delivered"
760;161;1;1;"2023-05-30";"Delivered"
761;162;2;6;"2023-06-04";"Pending"
762;163;3;11;"2023-06-09";"Delivered"
763;164;4;16;"2023-06-14";"Shipped"
764;165;5;21;"2023-06-19";"Delivered"
765;166;6;26;"2023-06-24";"Delivered"
766;167;7;31;"2023-06-29";"Returned"
767;168;8;36;"2023-07-04";"Delivered"
768;169;9;41;"2023-07-09";"Delivered"
769;170;10;46;"2023-07-14";"Pending"
770;171;1;1;"2023-07-19";"Delivered"
771;172;2;6;"2023-07-24";"Shipped"
772;173;3;11;"2023-07-29";"Delivered"
773;174;4;16;"2023-08-03";"Cancelled"
774;175;5;21;"2023-08-08";"Delivered"
775;176;6;26;"2023-08-13";"Delivered"
776;177;7;31;"2023-08-18";"Pending"
777;178;8;36;"2023-08-23";"Delivered"
778;179;9;41;"2023-08-28";"Shipped"
779;180;10;46;"2023-09-02";"Delivered"
780;181;1;1;"2023-09-07";"Delivered"
781;182;2;6;"2023-09-12";"Returned"
782;183;3;11;"2023-09-17";"Delivered"
783;184;4;16;"2023-09-22";"Delivered"
784;185;5;21;"2023-09-27";"Pending"
785;186;6;26;"2023-10-02";"Delivered"
786;187;7;31;"2023-10-07";"Shipped"
787;188;8;36;"2023-10-12";"Delivered"
788;189;9;41;"2023-10-17";"Cancelled"
789;190;10;46;"2023-10-22";"Delivered"
790;191;1;1;"2023-10-27";"Delivered"
791;192;2;6;"2023-11-01";"Pending"
792;193;3;11;"2023-11-06";"Delivered"
793;194;4;16;"2023-11-11";"Shipped"
794;195;5;21;"2023-11-16";"Delivered"
795;196;6;26;"2023-11-21";"Delivered"
796;197;7;31;"2023-11-26";"Returned"
797;198;8;36;"2023-12-01";"Delivered"
798;199;9;41;"2023-12-06";"Delivered"
799;200;10;46;"2023-12-11";"Pending"
800;201;1;1;"2023-12-16";"Delivered"
