"order_item_id";"order_id";"product_id";"quantity";"unit_price";"discount"
1;1;21;2;750.0;0.0
2;1;34;1;2800.0;0.0
3;1;47;3;300.0;90.0
4;2;28;2;25.0;0.0
5;2;41;1;2500.0;0.0
6;2;54;3;1100.0;330.0
7;3;35;2;350.0;0.0
8;3;48;1;250.0;0.0
9;3;61;3;250.0;75.0
10;4;42;2;800.0;0.0
11;4;55;1;2200.0;0.0
12;4;68;3;180.0;54.0
13;5;49;2;500.0;0.0
14;5;62;1;350.0;0.0
15;5;75;3;250.0;75.0
16;6;56;2;600.0;0.0
17;6;69;1;100.0;0.0
18;6;82;3;2200.0;660.0
19;7;63;2;300.0;0.0
20;7;76;1;80.0;0.0
21;7;89;3;3800.0;1140.0
22;8;70;2;1800.0;0.0
23;8;83;1;1800.0;0.0
24;8;96;3;3500.0;1050.0
25;9;77;2;180.0;0.0
26;9;90;1;700.0;0.0
27;9;3;3;18000.0;5400.0
28;10;84;2;1500.0;0.0
29;10;97;1;6500.0;0.0
30;10;10;3;2200.0;660.0
31;11;91;2;5500.0;0.0
32;11;4;1;40000.0;0.0
33;11;17;3;900.0;270.0
34;12;98;2;22000.0;0.0
35;12;11;1;600.0;0.0
36;12;24;3;45.0;13.5
37;13;5;2;2500.0;0.0
38;13;18;1;3200.0;0.0
39;13;31;3;1200.0;360.0
40;14;12;2;1200.0;0.0
41;14;25;1;220.0;0.0
42;14;38;3;800.0;240.0
43;15;19;2;400.0;0.0
44;15;32;1;2500.0;0.0
45;15;45;3;3500.0;1050.0
46;16;26;2;350.0;0.0
47;16;39;1;1800.0;0.0
48;16;52;3;1500.0;450.0
49;17;33;2;3500.0;0.0
50;17;46;1;1800.0;0.0
51;17;59;3;350.0;105.0
52;18;40;2;3200.0;0.0
53;18;53;1;400.0;0.0
54;18;66;3;1200.0;360.0
55;19;47;2;300.0;0.0
56;19;60;1;800.0;0.0
57;19;73;3;150.0;45.0
58;20;54;2;1100.0;0.0
59;20;67;1;200.0;0.0
60;20;80;3;300.0;90.0
61;21;61;2;250.0;0.0
62;21;74;1;120.0;0.0
63;21;87;3;250.0;75.0
64;22;68;2;180.0;0.0
65;22;81;1;500.0;0.0
66;22;94;3;18000.0;5400.0
67;23;75;2;250.0;0.0
68;23;88;1;150.0;0.0
69;23;1;3;25000.0;7500.0
70;24;82;2;2200.0;0.0
71;24;95;1;15000.0;0.0
72;24;8;3;28000.0;8400.0
73;25;89;2;3800.0;0.0
74;25;2;1;55000.0;0.0
75;25;15;3;3500.0;1050.0
76;26;96;2;3500.0;0.0
77;26;9;1;12000.0;0.0
78;26;22;3;450.0;135.0
79;27;3;2;18000.0;0.0
80;27;16;1;1600.0;0.0
81;27;29;3;30.0;9.0
82;28;10;2;2200.0;0.0
83;28;23;1;140.0;0.0
84;28;36;3;450.0;135.0
85;29;17;2;900.0;0.0
86;29;30;1;550.0;0.0
87;29;43;3;1200.0;360.0
88;30;24;2;45.0;0.0
89;30;37;1;1500.0;0.0
90;30;50;3;400.0;120.0
91;31;31;2;1200.0;0.0
92;31;44;1;600.0;0.0
93;31;57;3;500.0;150.0
94;32;38;2;800.0;0.0
95;32;51;1;900.0;0.0
96;32;64;3;450.0;135.0
97;33;45;2;3500.0;0.0
98;33;58;1;250.0;0.0
99;33;71;3;350.0;105.0
100;34;52;2;1500.0;0.0
101;34;65;1;150.0;0.0
102;34;78;3;450.0;135.0
103;35;59;2;350.0;0.0
104;35;72;1;200.0;0.0
105;35;85;3;3500.0;1050.0
106;36;66;2;1200.0;0.0
107;36;79;1;600.0;0.0
108;36;92;3;4500.0;1350.0
109;37;73;2;150.0;0.0
110;37;86;1;4500.0;0.0
111;37;99;3;12000.0;3600.0
112;38;80;2;300.0;0.0
113;38;93;1;25000.0;0.0
114;38;6;3;3500.0;1050.0
115;39;87;2;250.0;0.0
116;39;100;1;8500.0;0.0
117;39;13;3;1800.0;540.0
118;40;94;2;18000.0;0.0
119;40;7;1;1200.0;0.0
120;40;20;3;2800.0;840.0
121;41;1;2;25000.0;0.0
122;41;14;1;1500.0;0.0
123;41;27;3;160.0;48.0
124;42;8;2;28000.0;0.0
125;42;21;1;750.0;0.0
126;42;34;3;2800.0;840.0
127;43;15;2;3500.0;0.0
128;43;28;1;25.0;0.0
129;43;41;3;2500.0;750.0
130;44;22;2;450.0;0.0
131;44;35;1;350.0;0.0
132;44;48;3;250.0;75.0
133;45;29;2;30.0;0.0
134;45;42;1;800.0;0.0
135;45;55;3;2200.0;660.0
136;46;36;2;450.0;0.0
137;46;49;1;500.0;0.0
138;46;62;3;350.0;105.0
139;47;43;2;1200.0;0.0
140;47;56;1;600.0;0.0
141;47;69;3;100.0;30.0
142;48;50;2;400.0;0.0
143;48;63;1;300.0;0.0
144;48;76;3;80.0;24.0
145;49;57;2;500.0;0.0
146;49;70;1;1800.0;0.0
147;49;83;3;1800.0;540.0
148;50;64;2;450.0;0.0
149;50;77;1;180.0;0.0
150;50;90;3;700.0;210.0
151;51;71;2;350.0;0.0
152;51;84;1;1500.0;0.0
153;51;97;3;6500.0;1950.0
154;52;78;2;450.0;0.0
155;52;91;1;5500.0;0.0
156;52;4;3;40000.0;12000.0
157;53;85;2;3500.0;0.0
158;53;98;1;22000.0;0.0
159;53;11;3;600.0;180.0
160;54;92;2;4500.0;0.0
161;54;5;1;2500.0;0.0
162;54;18;3;3200.0;960.0
163;55;99;2;12000.0;0.0
164;55;12;1;1200.0;0.0
165;55;25;3;220.0;66.0
166;56;6;2;3500.0;0.0
167;56;19;1;400.0;0.0
168;56;32;3;2500.0;750.0
169;57;13;2;1800.0;0.0
170;57;26;1;350.0;0.0
171;57;39;3;1800.0;540.0
172;58;20;2;2800.0;0.0
173;58;33;1;3500.0;0.0
174;58;46;3;1800.0;540.0
175;59;27;2;160.0;0.0
176;59;40;1;3200.0;0.0
177;59;53;3;400.0;120.0
178;60;34;2;2800.0;0.0
179;60;47;1;300.0;0.0
180;60;60;3;800.0;240.0
181;61;41;2;2500.0;0.0
182;61;54;1;1100.0;0.0
183;61;67;3;200.0;60.0
184;62;48;2;250.0;0.0
185;62;61;1;250.0;0.0
186;62;74;3;120.0;36.0
187;63;55;2;2200.0;0.0
188;63;68;1;180.0;0.0
189;63;81;3;500.0;150.0
190;64;62;2;350.0;0.0
191;64;75;1;250.0;0.0
192;64;88;3;150.0;45.0
193;65;69;2;100.0;0.0
194;65;82;1;2200.0;0.0
195;65;95;3;15000.0;4500.0
196;66;76;2;80.0;0.0
197;66;89;1;3800.0;0.0
198;66;2;3;55000.0;16500.0
199;67;83;2;1800.0;0.0
200;67;96;1;3500.0;0.0
201;67;9;3;12000.0;3600.0
202;68;90;2;700.0;0.0
203;68;3;1;18000.0;0.0
204;68;16;3;1600.0;480.0
205;69;97;2;6500.0;0.0
206;69;10;1;2200.0;0.0
207;69;23;3;140.0;42.0
208;70;4;2;40000.0;0.0
209;70;17;1;900.0;0.0
210;70;30;3;550.0;165.0
211;71;11;2;600.0;0.0
212;71;24;1;45.0;0.0
213;71;37;3;1500.0;450.0
214;72;18;2;3200.0;0.0
215;72;31;1;1200.0;0.0
216;72;44;3;600.0;180.0
217;73;25;2;220.0;0.0
218;73;38;1;800.0;0.0
219;73;51;3;900.0;270.0
220;74;32;2;2500.0;0.0
221;74;45;1;3500.0;0.0
222;74;58;3;250.0;75.0
223;75;39;2;1800.0;0.0
224;75;52;1;1500.0;0.0
225;75;65;3;150.0;45.0
226;76;46;2;1800.0;0.0
227;76;59;1;350.0;0.0
228;76;72;3;200.0;60.0
229;77;53;2;400.0;0.0
230;77;66;1;1200.0;0.0
231;77;79;3;600.0;180.0
232;78;60;2;800.0;0.0
233;78;73;1;150.0;0.0
234;78;86;3;4500.0;1350.0
235;79;67;2;200.0;0.0
236;79;80;1;300.0;0.0
237;79;93;3;25000.0;7500.0
238;80;74;2;120.0;0.0
239;80;87;1;250.0;0.0
240;80;100;3;8500.0;2550.0
241;81;81;2;500.0;0.0
242;81;94;1;18000.0;0.0
243;81;7;3;1200.0;360.0
244;82;88;2;150.0;0.0
245;82;1;1;25000.0;0.0
246;82;14;3;1500.0;450.0
247;83;95;2;15000.0;0.0
248;83;8;1;28000.0;0.0
249;83;21;3;750.0;225.0
250;84;2;2;55000.0;0.0
251;84;15;1;3500.0;0.0
252;84;28;3;25.0;7.5
253;85;9;2;12000.0;0.0
254;85;22;1;450.0;0.0
255;85;35;3;350.0;105.0
256;86;16;2;1600.0;0.0
257;86;29;1;30.0;0.0
258;86;42;3;800.0;240.0
259;87;23;2;140.0;0.0
260;87;36;1;450.0;0.0
261;87;49;3;500.0;150.0
262;88;30;2;550.0;0.0
263;88;43;1;1200.0;0.0
264;88;56;3;600.0;180.0
265;89;37;2;1500.0;0.0
266;89;50;1;400.0;0.0
267;89;63;3;300.0;90.0
268;90;44;2;600.0;0.0
269;90;57;1;500.0;0.0
270;90;70;3;1800.0;540.0
271;91;51;2;900.0;0.0
272;91;64;1;450.0;0.0
273;91;77;3;180.0;54.0
274;92;58;2;250.0;0.0
275;92;71;1;350.0;0.0
276;92;84;3;1500.0;450.0
277;93;65;2;150.0;0.0
278;93;78;1;450.0;0.0
279;93;91;3;5500.0;1650.0
280;94;72;2;200.0;0.0
281;94;85;1;3500.0;0.0
282;94;98;3;22000.0;6600.0
283;95;79;2;600.0;0.0
284;95;92;1;4500.0;0.0
285;95;5;3;2500.0;750.0
286;96;86;2;4500.0;0.0
287;96;99;1;12000.0;0.0
288;96;12;3;1200.0;360.0
289;97;93;2;25000.0;0.0
290;97;6;1;3500.0;0.0
291;97;19;3;400.0;120.0
292;98;100;2;8500.0;0.0
293;98;13;1;1800.0;0.0
294;98;26;3;350.0;105.0
295;99;7;2;1200.0;0.0
296;99;20;1;2800.0;0.0
297;99;33;3;3500.0;1050.0
298;100;14;2;1500.0;0.0
299;100;27;1;160.0;0.0
300;100;40;3;3200.0;960.0
301;101;21;2;750.0;0.0
302;101;34;1;2800.0;0.0
303;101;47;3;300.0;90.0
304;102;28;2;25.0;0.0
305;102;41;1;2500.0;0.0
306;102;54;3;1100.0;330.0
307;103;35;2;350.0;0.0
308;103;48;1;250.0;0.0
309;103;61;3;250.0;75.0
310;104;42;2;800.0;0.0
311;104;55;1;2200.0;0.0
312;104;68;3;180.0;54.0
313;105;49;2;500.0;0.0
314;105;62;1;350.0;0.0
315;105;75;3;250.0;75.0
316;106;56;2;600.0;0.0
317;106;69;1;100.0;0.0
318;106;82;3;2200.0;660.0
319;107;63;2;300.0;0.0
320;107;76;1;80.0;0.0
321;107;89;3;3800.0;1140.0
322;108;70;2;1800.0;0.0
323;108;83;1;1800.0;0.0
324;108;96;3;3500.0;1050.0
325;109;77;2;180.0;0.0
326;109;90;1;700.0;0.0
327;109;3;3;18000.0;5400.0
328;110;84;2;1500.0;0.0
329;110;97;1;6500.0;0.0
330;110;10;3;2200.0;660.0
331;111;91;2;5500.0;0.0
332;111;4;1;40000.0;0.0
333;111;17;3;900.0;270.0
334;112;98;2;22000.0;0.0
335;112;11;1;600.0;0.0
336;112;24;3;45.0;13.5
337;113;5;2;2500.0;0.0
338;113;18;1;3200.0;0.0
339;113;31;3;1200.0;360.0
340;114;12;2;1200.0;0.0
341;114;25;1;220.0;0.0
342;114;38;3;800.0;240.0
343;115;19;2;400.0;0.0
344;115;32;1;2500.0;0.0
345;115;45;3;3500.0;1050.0
346;116;26;2;350.0;0.0
347;116;39;1;1800.0;0.0
348;116;52;3;1500.0;450.0
349;117;33;2;3500.0;0.0
350;117;46;1;1800.0;0.0
351;117;59;3;350.0;105.0
352;118;40;2;3200.0;0.0
353;118;53;1;400.0;0.0
354;118;66;3;1200.0;360.0
355;119;47;2;300.0;0.0
356;119;60;1;800.0;0.0
357;119;73;3;150.0;45.0
358;120;54;2;1100.0;0.0
359;120;67;1;200.0;0.0
360;120;80;3;300.0;90.0
361;121;61;2;250.0;0.0
362;121;74;1;120.0;0.0
363;121;87;3;250.0;75.0
364;122;68;2;180.0;0.0
365;122;81;1;500.0;0.0
366;122;94;3;18000.0;5400.0
367;123;75;2;250.0;0.0
368;123;88;1;150.0;0.0
369;123;1;3;25000.0;7500.0
370;124;82;2;2200.0;0.0
371;124;95;1;15000.0;0.0
372;124;8;3;28000.0;8400.0
373;125;89;2;3800.0;0.0
374;125;2;1;55000.0;0.0
375;125;15;3;3500.0;1050.0
376;126;96;2;3500.0;0.0
377;126;9;1;12000.0;0.0
378;126;22;3;450.0;135.0
379;127;3;2;18000.0;0.0
380;127;16;1;1600.0;0.0
381;127;29;3;30.0;9.0
382;128;10;2;2200.0;0.0
383;128;23;1;140.0;0.0
384;128;36;3;450.0;135.0
385;129;17;2;900.0;0.0
386;129;30;1;550.0;0.0
387;129;43;3;1200.0;360.0
388;130;24;2;45.0;0.0
389;130;37;1;1500.0;0.0
390;130;50;3;400.0;120.0
391;131;31;2;1200.0;0.0
392;131;44;1;600.0;0.0
393;131;57;3;500.0;150.0
394;132;38;2;800.0;0.0
395;132;51;1;900.0;0.0
396;132;64;3;450.0;135.0
397;133;45;2;3500.0;0.0
398;133;58;1;250.0;0.0
399;133;71;3;350.0;105.0
400;134;52;2;1500.0;0.0
401;134;65;1;150.0;0.0
402;134;78;3;450.0;135.0
403;135;59;2;350.0;0.0
404;135;72;1;200.0;0.0
405;135;85;3;3500.0;1050.0
406;136;66;2;1200.0;0.0
407;136;79;1;600.0;0.0
408;136;92;3;4500.0;1350.0
409;137;73;2;150.0;0.0
410;137;86;1;4500.0;0.0
411;137;99;3;12000.0;3600.0
412;138;80;2;300.0;0.0
413;138;93;1;25000.0;0.0
414;138;6;3;3500.0;1050.0
415;139;87;2;250.0;0.0
416;139;100;1;8500.0;0.0
417;139;13;3;1800.0;540.0
418;140;94;2;18000.0;0.0
419;140;7;1;1200.0;0.0
420;140;20;3;2800.0;840.0
421;141;1;2;25000.0;0.0
422;141;14;1;1500.0;0.0
423;141;27;3;160.0;48.0
424;142;8;2;28000.0;0.0
425;142;21;1;750.0;0.0
426;142;34;3;2800.0;840.0
427;143;15;2;3500.0;0.0
428;143;28;1;25.0;0.0
429;143;41;3;2500.0;750.0
430;144;22;2;450.0;0.0
431;144;35;1;350.0;0.0
432;144;48;3;250.0;75.0
433;145;29;2;30.0;0.0
434;145;42;1;800.0;0.0
435;145;55;3;2200.0;660.0
436;146;36;2;450.0;0.0
437;146;49;1;500.0;0.0
438;146;62;3;350.0;105.0
439;147;43;2;1200.0;0.0
440;147;56;1;600.0;0.0
441;147;69;3;100.0;30.0
442;148;50;2;400.0;0.0
443;148;63;1;300.0;0.0
444;148;76;3;80.0;24.0
445;149;57;2;500.0;0.0
446;149;70;1;1800.0;0.0
447;149;83;3;1800.0;540.0
448;150;64;2;450.0;0.0
449;150;77;1;180.0;0.0
450;150;90;3;700.0;210.0
451;151;71;2;350.0;0.0
452;151;84;1;1500.0;0.0
453;151;97;3;6500.0;1950.0
454;152;78;2;450.0;0.0
455;152;91;1;5500.0;0.0
456;152;4;3;40000.0;12000.0
457;153;85;2;3500.0;0.0
458;153;98;1;22000.0;0.0
459;153;11;3;600.0;180.0
460;154;92;2;4500.0;0.0
461;154;5;1;2500.0;0.0
462;154;18;3;3200.0;960.0
463;155;99;2;12000.0;0.0
464;155;12;1;1200.0;0.0
465;155;25;3;220.0;66.0
466;156;6;2;3500.0;0.0
467;156;19;1;400.0;0.0
468;156;32;3;2500.0;750.0
469;157;13;2;1800.0;0.0
470;157;26;1;350.0;0.0
471;157;39;3;1800.0;540.0
472;158;20;2;2800.0;0.0
473;158;33;1;3500.0;0.0
474;158;46;3;1800.0;540.0
475;159;27;2;160.0;0.0
476;159;40;1;3200.0;0.0
477;159;53;3;400.0;120.0
478;160;34;2;2800.0;0.0
479;160;47;1;300.0;0.0
480;160;60;3;800.0;240.0
481;161;41;2;2500.0;0.0
482;161;54;1;1100.0;0.0
483;161;67;3;200.0;60.0
484;162;48;2;250.0;0.0
485;162;61;1;250.0;0.0
486;162;74;3;120.0;36.0
487;163;55;2;2200.0;0.0
488;163;68;1;180.0;0.0
489;163;81;3;500.0;150.0
490;164;62;2;350.0;0.0
491;164;75;1;250.0;0.0
492;164;88;3;150.0;45.0
493;165;69;2;100.0;0.0
494;165;82;1;2200.0;0.0
495;165;95;3;15000.0;4500.0
496;166;76;2;80.0;0.0
497;166;89;1;3800.0;0.0
498;166;2;3;55000.0;16500.0
499;167;83;2;1800.0;0.0
500;167;96;1;3500.0;0.0
501;167;9;3;12000.0;3600.0
502;168;90;2;700.0;0.0
503;168;3;1;18000.0;0.0
504;168;16;3;1600.0;480.0
505;169;97;2;6500.0;0.0
506;169;10;1;2200.0;0.0
507;169;23;3;140.0;42.0
508;170;4;2;40000.0;0.0
509;170;17;1;900.0;0.0
510;170;30;3;550.0;165.0
511;171;11;2;600.0;0.0
512;171;24;1;45.0;0.0
513;171;37;3;1500.0;450.0
514;172;18;2;3200.0;0.0
515;172;31;1;1200.0;0.0
516;172;44;3;600.0;180.0
517;173;25;2;220.0;0.0
518;173;38;1;800.0;0.0
519;173;51;3;900.0;270.0
520;174;32;2;2500.0;0.0
521;174;45;1;3500.0;0.0
522;174;58;3;250.0;75.0
523;175;39;2;1800.0;0.0
524;175;52;1;1500.0;0.0
525;175;65;3;150.0;45.0
526;176;46;2;1800.0;0.0
527;176;59;1;350.0;0.0
528;176;72;3;200.0;60.0
529;177;53;2;400.0;0.0
530;177;66;1;1200.0;0.0
531;177;79;3;600.0;180.0
532;178;60;2;800.0;0.0
533;178;73;1;150.0;0.0
534;178;86;3;4500.0;1350.0
535;179;67;2;200.0;0.0
536;179;80;1;300.0;0.0
537;179;93;3;25000.0;7500.0
538;180;74;2;120.0;0.0
539;180;87;1;250.0;0.0
540;180;100;3;8500.0;2550.0
541;181;81;2;500.0;0.0
542;181;94;1;18000.0;0.0
543;181;7;3;1200.0;360.0
544;182;88;2;150.0;0.0
545;182;1;1;25000.0;0.0
546;182;14;3;1500.0;450.0
547;183;95;2;15000.0;0.0
548;183;8;1;28000.0;0.0
549;183;21;3;750.0;225.0
550;184;2;2;55000.0;0.0
551;184;15;1;3500.0;0.0
552;184;28;3;25.0;7.5
553;185;9;2;12000.0;0.0
554;185;22;1;450.0;0.0
555;185;35;3;350.0;105.0
556;186;16;2;1600.0;0.0
557;186;29;1;30.0;0.0
558;186;42;3;800.0;240.0
559;187;23;2;140.0;0.0
560;187;36;1;450.0;0.0
561;187;49;3;500.0;150.0
562;188;30;2;550.0;0.0
563;188;43;1;1200.0;0.0
564;188;56;3;600.0;180.0
565;189;37;2;1500.0;0.0
566;189;50;1;400.0;0.0
567;189;63;3;300.0;90.0
568;190;44;2;600.0;0.0
569;190;57;1;500.0;0.0
570;190;70;3;1800.0;540.0
571;191;51;2;900.0;0.0
572;191;64;1;450.0;0.0
573;191;77;3;180.0;54.0
574;192;58;2;250.0;0.0
575;192;71;1;350.0;0.0
576;192;84;3;1500.0;450.0
577;193;65;2;150.0;0.0
578;193;78;1;450.0;0.0
579;193;91;3;5500.0;1650.0
580;194;72;2;200.0;0.0
581;194;85;1;3500.0;0.0
582;194;98;3;22000.0;6600.0
583;195;79;2;600.0;0.0
584;195;92;1;4500.0;0.0
585;195;5;3;2500.0;750.0
586;196;86;2;4500.0;0.0
587;196;99;1;12000.0;0.0
588;196;12;3;1200.0;360.0
589;197;93;2;25000.0;0.0
590;197;6;1;3500.0;0.0
591;197;19;3;400.0;120.0
592;198;100;2;8500.0;0.0
593;198;13;1;1800.0;0.0
594;198;26;3;350.0;105.0
595;199;7;2;1200.0;0.0
596;199;20;1;2800.0;0.0
597;199;33;3;3500.0;1050.0
598;200;14;2;1500.0;0.0
599;200;27;1;160.0;0.0
600;200;40;3;3200.0;960.0
601;201;21;2;750.0;0.0
602;201;34;1;2800.0;0.0
603;201;47;3;300.0;90.0
604;202;28;2;25.0;0.0
605;202;41;1;2500.0;0.0
606;202;54;3;1100.0;330.0
607;203;35;2;350.0;0.0
608;203;48;1;250.0;0.0
609;203;61;3;250.0;75.0
610;204;42;2;800.0;0.0
611;204;55;1;2200.0;0.0
612;204;68;3;180.0;54.0
613;205;49;2;500.0;0.0
614;205;62;1;350.0;0.0
615;205;75;3;250.0;75.0
616;206;56;2;600.0;0.0
617;206;69;1;100.0;0.0
618;206;82;3;2200.0;660.0
619;207;63;2;300.0;0.0
620;207;76;1;80.0;0.0
621;207;89;3;3800.0;1140.0
622;208;70;2;1800.0;0.0
623;208;83;1;1800.0;0.0
624;208;96;3;3500.0;1050.0
625;209;77;2;180.0;0.0
626;209;90;1;700.0;0.0
627;209;3;3;18000.0;5400.0
628;210;84;2;1500.0;0.0
629;210;97;1;6500.0;0.0
630;210;10;3;2200.0;660.0
631;211;91;2;5500.0;0.0
632;211;4;1;40000.0;0.0
633;211;17;3;900.0;270.0
634;212;98;2;22000.0;0.0
635;212;11;1;600.0;0.0
636;212;24;3;45.0;13.5
637;213;5;2;2500.0;0.0
638;213;18;1;3200.0;0.0
639;213;31;3;1200.0;360.0
640;214;12;2;1200.0;0.0
641;214;25;1;220.0;0.0
642;214;38;3;800.0;240.0
643;215;19;2;400.0;0.0
644;215;32;1;2500.0;0.0
645;215;45;3;3500.0;1050.0
646;216;26;2;350.0;0.0
647;216;39;1;1800.0;0.0
648;216;52;3;1500.0;450.0
649;217;33;2;3500.0;0.0
650;217;46;1;1800.0;0.0
651;217;59;3;350.0;105.0
652;218;40;2;3200.0;0.0
653;218;53;1;400.0;0.0
654;218;66;3;1200.0;360.0
655;219;47;2;300.0;0.0
656;219;60;1;800.0;0.0
657;219;73;3;150.0;45.0
658;220;54;2;1100.0;0.0
659;220;67;1;200.0;0.0
660;220;80;3;300.0;90.0
661;221;61;2;250.0;0.0
662;221;74;1;120.0;0.0
663;221;87;3;250.0;75.0
664;222;68;2;180.0;0.0
665;222;81;1;500.0;0.0
666;222;94;3;18000.0;5400.0
667;223;75;2;250.0;0.0
668;223;88;1;150.0;0.0
669;223;1;3;25000.0;7500.0
670;224;82;2;2200.0;0.0
671;224;95;1;15000.0;0.0
672;224;8;3;28000.0;8400.0
673;225;89;2;3800.0;0.0
674;225;2;1;55000.0;0.0
675;225;15;3;3500.0;1050.0
676;226;96;2;3500.0;0.0
677;226;9;1;12000.0;0.0
678;226;22;3;450.0;135.0
679;227;3;2;18000.0;0.0
680;227;16;1;1600.0;0.0
681;227;29;3;30.0;9.0
682;228;10;2;2200.0;0.0
683;228;23;1;140.0;0.0
684;228;36;3;450.0;135.0
685;229;17;2;900.0;0.0
686;229;30;1;550.0;0.0
687;229;43;3;1200.0;360.0
688;230;24;2;45.0;0.0
689;230;37;1;1500.0;0.0
690;230;50;3;400.0;120.0
691;231;31;2;1200.0;0.0
692;231;44;1;600.0;0.0
693;231;57;3;500.0;150.0
694;232;38;2;800.0;0.0
695;232;51;1;900.0;0.0
696;232;64;3;450.0;135.0
697;233;45;2;3500.0;0.0
698;233;58;1;250.0;0.0
699;233;71;3;350.0;105.0
700;234;52;2;1500.0;0.0
701;234;65;1;150.0;0.0
702;234;78;3;450.0;135.0
703;235;59;2;350.0;0.0
704;235;72;1;200.0;0.0
705;235;85;3;3500.0;1050.0
706;236;66;2;1200.0;0.0
707;236;79;1;600.0;0.0
708;236;92;3;4500.0;1350.0
709;237;73;2;150.0;0.0
710;237;86;1;4500.0;0.0
711;237;99;3;12000.0;3600.0
712;238;80;2;300.0;0.0
713;238;93;1;25000.0;0.0
714;238;6;3;3500.0;1050.0
715;239;87;2;250.0;0.0
716;239;100;1;8500.0;0.0
717;239;13;3;1800.0;540.0
718;240;94;2;18000.0;0.0
719;240;7;1;1200.0;0.0
720;240;20;3;2800.0;840.0
721;241;1;2;25000.0;0.0
722;241;14;1;1500.0;0.0
723;241;27;3;160.0;48.0
724;242;8;2;28000.0;0.0
725;242;21;1;750.0;0.0
726;242;34;3;2800.0;840.0
727;243;15;2;3500.0;0.0
728;243;28;1;25.0;0.0
729;243;41;3;2500.0;750.0
730;244;22;2;450.0;0.0
731;244;35;1;350.0;0.0
732;244;48;3;250.0;75.0
733;245;29;2;30.0;0.0
734;245;42;1;800.0;0.0
735;245;55;3;2200.0;660.0
736;246;36;2;450.0;0.0
737;246;49;1;500.0;0.0
738;246;62;3;350.0;105.0
739;247;43;2;1200.0;0.0
740;247;56;1;600.0;0.0
741;247;69;3;100.0;30.0
742;248;50;2;400.0;0.0
743;248;63;1;300.0;0.0
744;248;76;3;80.0;24.0
745;249;57;2;500.0;0.0
746;249;70;1;1800.0;0.0
747;249;83;3;1800.0;540.0
748;250;64;2;450.0;0.0
749;250;77;1;180.0;0.0
750;250;90;3;700.0;210.0
751;251;71;2;350.0;0.0
752;251;84;1;1500.0;0.0
753;251;97;3;6500.0;1950.0
754;252;78;2;450.0;0.0
755;252;91;1;5500.0;0.0
756;252;4;3;40000.0;12000.0
757;253;85;2;3500.0;0.0
758;253;98;1;22000.0;0.0
759;253;11;3;600.0;180.0
760;254;92;2;4500.0;0.0
761;254;5;1;2500.0;0.0
762;254;18;3;3200.0;960.0
763;255;99;2;12000.0;0.0
764;255;12;1;1200.0;0.0
765;255;25;3;220.0;66.0
766;256;6;2;3500.0;0.0
767;256;19;1;400.0;0.0
768;256;32;3;2500.0;750.0
769;257;13;2;1800.0;0.0
770;257;26;1;350.0;0.0
771;257;39;3;1800.0;540.0
772;258;20;2;2800.0;0.0
773;258;33;1;3500.0;0.0
774;258;46;3;1800.0;540.0
775;259;27;2;160.0;0.0
776;259;40;1;3200.0;0.0
777;259;53;3;400.0;120.0
778;260;34;2;2800.0;0.0
779;260;47;1;300.0;0.0
780;260;60;3;800.0;240.0
781;261;41;2;2500.0;0.0
782;261;54;1;1100.0;0.0
783;261;67;3;200.0;60.0
784;262;48;2;250.0;0.0
785;262;61;1;250.0;0.0
786;262;74;3;120.0;36.0
787;263;55;2;2200.0;0.0
788;263;68;1;180.0;0.0
789;263;81;3;500.0;150.0
790;264;62;2;350.0;0.0
791;264;75;1;250.0;0.0
792;264;88;3;150.0;45.0
793;265;69;2;100.0;0.0
794;265;82;1;2200.0;0.0
795;265;95;3;15000.0;4500.0
796;266;76;2;80.0;0.0
797;266;89;1;3800.0;0.0
798;266;2;3;55000.0;16500.0
799;267;83;2;1800.0;0.0
800;267;96;1;3500.0;0.0
801;267;9;3;12000.0;3600.0
802;268;90;2;700.0;0.0
803;268;3;1;18000.0;0.0
804;268;16;3;1600.0;480.0
805;269;97;2;6500.0;0.0
806;269;10;1;2200.0;0.0
807;269;23;3;140.0;42.0
808;270;4;2;40000.0;0.0
809;270;17;1;900.0;0.0
810;270;30;3;550.0;165.0
811;271;11;2;600.0;0.0
812;271;24;1;45.0;0.0
813;271;37;3;1500.0;450.0
814;272;18;2;3200.0;0.0
815;272;31;1;1200.0;0.0
816;272;44;3;600.0;180.0
817;273;25;2;220.0;0.0
818;273;38;1;800.0;0.0
819;273;51;3;900.0;270.0
820;274;32;2;2500.0;0.0
821;274;45;1;3500.0;0.0
822;274;58;3;250.0;75.0
823;275;39;2;1800.0;0.0
824;275;52;1;1500.0;0.0
825;275;65;3;150.0;45.0
826;276;46;2;1800.0;0.0
827;276;59;1;350.0;0.0
828;276;72;3;200.0;60.0
829;277;53;2;400.0;0.0
830;277;66;1;1200.0;0.0
831;277;79;3;600.0;180.0
832;278;60;2;800.0;0.0
833;278;73;1;150.0;0.0
834;278;86;3;4500.0;1350.0
835;279;67;2;200.0;0.0
836;279;80;1;300.0;0.0
837;279;93;3;25000.0;7500.0
838;280;74;2;120.0;0.0
839;280;87;1;250.0;0.0
840;280;100;3;8500.0;2550.0
841;281;81;2;500.0;0.0
842;281;94;1;18000.0;0.0
843;281;7;3;1200.0;360.0
844;282;88;2;150.0;0.0
845;282;1;1;25000.0;0.0
846;282;14;3;1500.0;450.0
847;283;95;2;15000.0;0.0
848;283;8;1;28000.0;0.0
849;283;21;3;750.0;225.0
850;284;2;2;55000.0;0.0
851;284;15;1;3500.0;0.0
852;284;28;3;25.0;7.5
853;285;9;2;12000.0;0.0
854;285;22;1;450.0;0.0
855;285;35;3;350.0;105.0
856;286;16;2;1600.0;0.0
857;286;29;1;30.0;0.0
858;286;42;3;800.0;240.0
859;287;23;2;140.0;0.0
860;287;36;1;450.0;0.0
861;287;49;3;500.0;150.0
862;288;30;2;550.0;0.0
863;288;43;1;1200.0;0.0
864;288;56;3;600.0;180.0
865;289;37;2;1500.0;0.0
866;289;50;1;400.0;0.0
867;289;63;3;300.0;90.0
868;290;44;2;600.0;0.0
869;290;57;1;500.0;0.0
870;290;70;3;1800.0;540.0
871;291;51;2;900.0;0.0
872;291;64;1;450.0;0.0
873;291;77;3;180.0;54.0
874;292;58;2;250.0;0.0
875;292;71;1;350.0;0.0
876;292;84;3;1500.0;450.0
877;293;65;2;150.0;0.0
878;293;78;1;450.0;0.0
879;293;91;3;5500.0;1650.0
880;294;72;2;200.0;0.0
881;294;85;1;3500.0;0.0
882;294;98;3;22000.0;6600.0
883;295;79;2;600.0;0.0
884;295;92;1;4500.0;0.0
885;295;5;3;2500.0;750.0
886;296;86;2;4500.0;0.0
887;296;99;1;12000.0;0.0
888;296;12;3;1200.0;360.0
889;297;93;2;25000.0;0.0
890;297;6;1;3500.0;0.0
891;297;19;3;400.0;120.0
892;298;100;2;8500.0;0.0
893;298;13;1;1800.0;0.0
894;298;26;3;350.0;105.0
895;299;7;2;1200.0;0.0
896;299;20;1;2800.0;0.0
897;299;33;3;3500.0;1050.0
898;300;14;2;1500.0;0.0
899;300;27;1;160.0;0.0
900;300;40;3;3200.0;960.0
901;301;21;2;750.0;0.0
902;301;34;1;2800.0;0.0
903;301;47;3;300.0;90.0
904;302;28;2;25.0;0.0
905;302;41;1;2500.0;0.0
906;302;54;3;1100.0;330.0
907;303;35;2;350.0;0.0
908;303;48;1;250.0;0.0
909;303;61;3;250.0;75.0
910;304;42;2;800.0;0.0
911;304;55;1;2200.0;0.0
912;304;68;3;180.0;54.0
913;305;49;2;500.0;0.0
914;305;62;1;350.0;0.0
915;305;75;3;250.0;75.0
916;306;56;2;600.0;0.0
917;306;69;1;100.0;0.0
918;306;82;3;2200.0;660.0
919;307;63;2;300.0;0.0
920;307;76;1;80.0;0.0
921;307;89;3;3800.0;1140.0
922;308;70;2;1800.0;0.0
923;308;83;1;1800.0;0.0
924;308;96;3;3500.0;1050.0
925;309;77;2;180.0;0.0
926;309;90;1;700.0;0.0
927;309;3;3;18000.0;5400.0
928;310;84;2;1500.0;0.0
929;310;97;1;6500.0;0.0
930;310;10;3;2200.0;660.0
931;311;91;2;5500.0;0.0
932;311;4;1;40000.0;0.0
933;311;17;3;900.0;270.0
934;312;98;2;22000.0;0.0
935;312;11;1;600.0;0.0
936;312;24;3;45.0;13.5
937;313;5;2;2500.0;0.0
938;313;18;1;3200.0;0.0
939;313;31;3;1200.0;360.0
940;314;12;2;1200.0;0.0
941;314;25;1;220.0;0.0
942;314;38;3;800.0;240.0
943;315;19;2;400.0;0.0
944;315;32;1;2500.0;0.0
945;315;45;3;3500.0;1050.0
946;316;26;2;350.0;0.0
947;316;39;1;1800.0;0.0
948;316;52;3;1500.0;450.0
949;317;33;2;3500.0;0.0
950;317;46;1;1800.0;0.0
951;317;59;3;350.0;105.0
952;318;40;2;3200.0;0.0
953;318;53;1;400.0;0.0
954;318;66;3;1200.0;360.0
955;319;47;2;300.0;0.0
956;319;60;1;800.0;0.0
957;319;73;3;150.0;45.0
958;320;54;2;1100.0;0.0
959;320;67;1;200.0;0.0
960;320;80;3;300.0;90.0
961;321;61;2;250.0;0.0
962;321;74;1;120.0;0.0
963;321;87;3;250.0;75.0
964;322;68;2;180.0;0.0
965;322;81;1;500.0;0.0
966;322;94;3;18000.0;5400.0
967;323;75;2;250.0;0.0
968;323;88;1;150.0;0.0
969;323;1;3;25000.0;7500.0
970;324;82;2;2200.0;0.0
971;324;95;1;15000.0;0.0
972;324;8;3;28000.0;8400.0
973;325;89;2;3800.0;0.0
974;325;2;1;55000.0;0.0
975;325;15;3;3500.0;1050.0
976;326;96;2;3500.0;0.0
977;326;9;1;12000.0;0.0
978;326;22;3;450.0;135.0
979;327;3;2;18000.0;0.0
980;327;16;1;1600.0;0.0
981;327;29;3;30.0;9.0
982;328;10;2;2200.0;0.0
983;328;23;1;140.0;0.0
984;328;36;3;450.0;135.0
985;329;17;2;900.0;0.0
986;329;30;1;550.0;0.0
987;329;43;3;1200.0;360.0
988;330;24;2;45.0;0.0
989;330;37;1;1500.0;0.0
990;330;50;3;400.0;120.0
991;331;31;2;1200.0;0.0
992;331;44;1;600.0;0.0
993;331;57;3;500.0;150.0
994;332;38;2;800.0;0.0
995;332;51;1;900.0;0.0
996;332;64;3;450.0;135.0
997;333;45;2;3500.0;0.0
998;333;58;1;250.0;0.0
999;333;71;3;350.0;105.0
1000;334;52;2;1500.0;0.0
1001;334;65;1;150.0;0.0
1002;334;78;3;450.0;135.0
1003;335;59;2;350.0;0.0
1004;335;72;1;200.0;0.0
1005;335;85;3;3500.0;1050.0
1006;336;66;2;1200.0;0.0
1007;336;79;1;600.0;0.0
1008;336;92;3;4500.0;1350.0
1009;337;73;2;150.0;0.0
1010;337;86;1;4500.0;0.0
1011;337;99;3;12000.0;3600.0
1012;338;80;2;300.0;0.0
1013;338;93;1;25000.0;0.0
1014;338;6;3;3500.0;1050.0
1015;339;87;2;250.0;0.0
1016;339;100;1;8500.0;0.0
1017;339;13;3;1800.0;540.0
1018;340;94;2;18000.0;0.0
1019;340;7;1;1200.0;0.0
1020;340;20;3;2800.0;840.0
1021;341;1;2;25000.0;0.0
1022;341;14;1;1500.0;0.0
1023;341;27;3;160.0;48.0
1024;342;8;2;28000.0;0.0
1025;342;21;1;750.0;0.0
1026;342;34;3;2800.0;840.0
1027;343;15;2;3500.0;0.0
1028;343;28;1;25.0;0.0
1029;343;41;3;2500.0;750.0
1030;344;22;2;450.0;0.0
1031;344;35;1;350.0;0.0
1032;344;48;3;250.0;75.0
1033;345;29;2;30.0;0.0
1034;345;42;1;800.0;0.0
1035;345;55;3;2200.0;660.0
1036;346;36;2;450.0;0.0
1037;346;49;1;500.0;0.0
1038;346;62;3;350.0;105.0
1039;347;43;2;1200.0;0.0
1040;347;56;1;600.0;0.0
1041;347;69;3;100.0;30.0
1042;348;50;2;400.0;0.0
1043;348;63;1;300.0;0.0
1044;348;76;3;80.0;24.0
1045;349;57;2;500.0;0.0
1046;349;70;1;1800.0;0.0
1047;349;83;3;1800.0;540.0
1048;350;64;2;450.0;0.0
1049;350;77;1;180.0;0.0
1050;350;90;3;700.0;210.0
1051;351;71;2;350.0;0.0
1052;351;84;1;1500.0;0.0
1053;351;97;3;6500.0;1950.0
1054;352;78;2;450.0;0.0
1055;352;91;1;5500.0;0.0
1056;352;4;3;40000.0;12000.0
1057;353;85;2;3500.0;0.0
1058;353;98;1;22000.0;0.0
1059;353;11;3;600.0;180.0
1060;354;92;2;4500.0;0.0
1061;354;5;1;2500.0;0.0
1062;354;18;3;3200.0;960.0
1063;355;99;2;12000.0;0.0
1064;355;12;1;1200.0;0.0
1065;355;25;3;220.0;66.0
1066;356;6;2;3500.0;0.0
1067;356;19;1;400.0;0.0
1068;356;32;3;2500.0;750.0
1069;357;13;2;1800.0;0.0
1070;357;26;1;350.0;0.0
1071;357;39;3;1800.0;540.0
1072;358;20;2;2800.0;0.0
1073;358;33;1;3500.0;0.0
1074;358;46;3;1800.0;540.0
1075;359;27;2;160.0;0.0
1076;359;40;1;3200.0;0.0
1077;359;53;3;400.0;120.0
1078;360;34;2;2800.0;0.0
1079;360;47;1;300.0;0.0
1080;360;60;3;800.0;240.0
1081;361;41;2;2500.0;0.0
1082;361;54;1;1100.0;0.0
1083;361;67;3;200.0;60.0
1084;362;48;2;250.0;0.0
1085;362;61;1;250.0;0.0
1086;362;74;3;120.0;36.0
1087;363;55;2;2200.0;0.0
1088;363;68;1;180.0;0.0
1089;363;81;3;500.0;150.0
1090;364;62;2;350.0;0.0
1091;364;75;1;250.0;0.0
1092;364;88;3;150.0;45.0
1093;365;69;2;100.0;0.0
1094;365;82;1;2200.0;0.0
1095;365;95;3;15000.0;4500.0
1096;366;76;2;80.0;0.0
1097;366;89;1;3800.0;0.0
1098;366;2;3;55000.0;16500.0
1099;367;83;2;1800.0;0.0
1100;367;96;1;3500.0;0.0
1101;367;9;3;12000.0;3600.0
1102;368;90;2;700.0;0.0
1103;368;3;1;18000.0;0.0
1104;368;16;3;1600.0;480.0
1105;369;97;2;6500.0;0.0
1106;369;10;1;2200.0;0.0
1107;369;23;3;140.0;42.0
1108;370;4;2;40000.0;0.0
1109;370;17;1;900.0;0.0
1110;370;30;3;550.0;165.0
1111;371;11;2;600.0;0.0
1112;371;24;1;45.0;0.0
1113;371;37;3;1500.0;450.0
1114;372;18;2;3200.0;0.0
1115;372;31;1;1200.0;0.0
1116;372;44;3;600.0;180.0
1117;373;25;2;220.0;0.0
1118;373;38;1;800.0;0.0
1119;373;51;3;900.0;270.0
1120;374;32;2;2500.0;0.0
1121;374;45;1;3500.0;0.0
1122;374;58;3;250.0;75.0
1123;375;39;2;1800.0;0.0
1124;375;52;1;1500.0;0.0
1125;375;65;3;150.0;45.0
1126;376;46;2;1800.0;0.0
1127;376;59;1;350.0;0.0
1128;376;72;3;200.0;60.0
1129;377;53;2;400.0;0.0
1130;377;66;1;1200.0;0.0
1131;377;79;3;600.0;180.0
1132;378;60;2;800.0;0.0
1133;378;73;1;150.0;0.0
1134;378;86;3;4500.0;1350.0
1135;379;67;2;200.0;0.0
1136;379;80;1;300.0;0.0
1137;379;93;3;25000.0;7500.0
1138;380;74;2;120.0;0.0
1139;380;87;1;250.0;0.0
1140;380;100;3;8500.0;2550.0
1141;381;81;2;500.0;0.0
1142;381;94;1;18000.0;0.0
1143;381;7;3;1200.0;360.0
1144;382;88;2;150.0;0.0
1145;382;1;1;25000.0;0.0
1146;382;14;3;1500.0;450.0
1147;383;95;2;15000.0;0.0
1148;383;8;1;28000.0;0.0
1149;383;21;3;750.0;225.0
1150;384;2;2;55000.0;0.0
1151;384;15;1;3500.0;0.0
1152;384;28;3;25.0;7.5
1153;385;9;2;12000.0;0.0
1154;385;22;1;450.0;0.0
1155;385;35;3;350.0;105.0
1156;386;16;2;1600.0;0.0
1157;386;29;1;30.0;0.0
1158;386;42;3;800.0;240.0
1159;387;23;2;140.0;0.0
1160;387;36;1;450.0;0.0
1161;387;49;3;500.0;150.0
1162;388;30;2;550.0;0.0
1163;388;43;1;1200.0;0.0
1164;388;56;3;600.0;180.0
1165;389;37;2;1500.0;0.0
1166;389;50;1;400.0;0.0
1167;389;63;3;300.0;90.0
1168;390;44;2;600.0;0.0
1169;390;57;1;500.0;0.0
1170;390;70;3;1800.0;540.0
1171;391;51;2;900.0;0.0
1172;391;64;1;450.0;0.0
1173;391;77;3;180.0;54.0
1174;392;58;2;250.0;0.0
1175;392;71;1;350.0;0.0
1176;392;84;3;1500.0;450.0
1177;393;65;2;150.0;0.0
1178;393;78;1;450.0;0.0
1179;393;91;3;5500.0;1650.0
1180;394;72;2;200.0;0.0
1181;394;85;1;3500.0;0.0
1182;394;98;3;22000.0;6600.0
1183;395;79;2;600.0;0.0
1184;395;92;1;4500.0;0.0
1185;395;5;3;2500.0;750.0
1186;396;86;2;4500.0;0.0
1187;396;99;1;12000.0;0.0
1188;396;12;3;1200.0;360.0
1189;397;93;2;25000.0;0.0
1190;397;6;1;3500.0;0.0
1191;397;19;3;400.0;120.0
1192;398;100;2;8500.0;0.0
1193;398;13;1;1800.0;0.0
1194;398;26;3;350.0;105.0
1195;399;7;2;1200.0;0.0
1196;399;20;1;2800.0;0.0
1197;399;33;3;3500.0;1050.0
1198;400;14;2;1500.0;0.0
1199;400;27;1;160.0;0.0
1200;400;40;3;3200.0;960.0
1201;401;1;1;25000.0;2500.0
1202;401;51;2;900.0;180.0
1203;402;2;2;55000.0;0.0
1204;402;52;3;1500.0;0.0
1205;403;3;3;18000.0;0.0
1206;403;53;1;400.0;0.0
1207;404;4;1;40000.0;4000.0
1208;404;54;2;1100.0;220.0
1209;405;5;2;2500.0;0.0
1210;405;55;3;2200.0;0.0
1211;406;6;3;3500.0;0.0
1212;406;56;1;600.0;0.0
1213;407;7;1;1200.0;120.0
1214;407;57;2;500.0;100.0
1215;408;8;2;28000.0;0.0
1216;408;58;3;250.0;0.0
1217;409;9;3;12000.0;0.0
1218;409;59;1;350.0;0.0
1219;410;10;1;2200.0;220.0
1220;410;60;2;800.0;160.0
1221;411;11;2;600.0;0.0
1222;411;61;3;250.0;0.0
1223;412;12;3;1200.0;0.0
1224;412;62;1;350.0;0.0
1225;413;13;1;1800.0;180.0
1226;413;63;2;300.0;60.0
1227;414;14;2;1500.0;0.0
1228;414;64;3;450.0;0.0
1229;415;15;3;3500.0;0.0
1230;415;65;1;150.0;0.0
1231;416;16;1;1600.0;160.0
1232;416;66;2;1200.0;240.0
1233;417;17;2;900.0;0.0
1234;417;67;3;200.0;0.0
1235;418;18;3;3200.0;0.0
1236;418;68;1;180.0;0.0
1237;419;19;1;400.0;40.0
1238;419;69;2;100.0;20.0
1239;420;20;2;2800.0;0.0
1240;420;70;3;1800.0;0.0
1241;421;21;3;750.0;0.0
1242;421;71;1;350.0;0.0
1243;422;22;1;450.0;45.0
1244;422;72;2;200.0;40.0
1245;423;23;2;140.0;0.0
1246;423;73;3;150.0;0.0
1247;424;24;3;45.0;0.0
1248;424;74;1;120.0;0.0
1249;425;25;1;220.0;22.0
1250;425;75;2;250.0;50.0
1251;426;26;2;350.0;0.0
1252;426;76;3;80.0;0.0
1253;427;27;3;160.0;0.0
1254;427;77;1;180.0;0.0
1255;428;28;1;25.0;2.5
1256;428;78;2;450.0;90.0
1257;429;29;2;30.0;0.0
1258;429;79;3;600.0;0.0
1259;430;30;3;550.0;0.0
1260;430;80;1;300.0;0.0
1261;431;31;1;1200.0;120.0
1262;431;81;2;500.0;100.0
1263;432;32;2;2500.0;0.0
1264;432;82;3;2200.0;0.0
1265;433;33;3;3500.0;0.0
1266;433;83;1;1800.0;0.0
1267;434;34;1;2800.0;280.0
1268;434;84;2;1500.0;300.0
1269;435;35;2;350.0;0.0
1270;435;85;3;3500.0;0.0
1271;436;36;3;450.0;0.0
1272;436;86;1;4500.0;0.0
1273;437;37;1;1500.0;150.0
1274;437;87;2;250.0;50.0
1275;438;38;2;800.0;0.0
1276;438;88;3;150.0;0.0
1277;439;39;3;1800.0;0.0
1278;439;89;1;3800.0;0.0
1279;440;40;1;3200.0;320.0
1280;440;90;2;700.0;140.0
1281;441;41;2;2500.0;0.0
1282;441;91;3;5500.0;0.0
1283;442;42;3;800.0;0.0
1284;442;92;1;4500.0;0.0
1285;443;43;1;1200.0;120.0
1286;443;93;2;25000.0;5000.0
1287;444;44;2;600.0;0.0
1288;444;94;3;18000.0;0.0
1289;445;45;3;3500.0;0.0
1290;445;95;1;15000.0;0.0
1291;446;46;1;1800.0;180.0
1292;446;96;2;3500.0;700.0
1293;447;47;2;300.0;0.0
1294;447;97;3;6500.0;0.0
1295;448;48;3;250.0;0.0
1296;448;98;1;22000.0;0.0
1297;449;49;1;500.0;50.0
1298;449;99;2;12000.0;2400.0
1299;450;50;2;400.0;0.0
1300;450;100;3;8500.0;0.0
1301;451;1;1;25000.0;2500.0
1302;451;51;2;900.0;180.0
1303;452;2;2;55000.0;0.0
1304;452;52;3;1500.0;0.0
1305;453;3;3;18000.0;0.0
1306;453;53;1;400.0;0.0
1307;454;4;1;40000.0;4000.0
1308;454;54;2;1100.0;220.0
1309;455;5;2;2500.0;0.0
1310;455;55;3;2200.0;0.0
1311;456;6;3;3500.0;0.0
1312;456;56;1;600.0;0.0
1313;457;7;1;1200.0;120.0
1314;457;57;2;500.0;100.0
1315;458;8;2;28000.0;0.0
1316;458;58;3;250.0;0.0
1317;459;9;3;12000.0;0.0
1318;459;59;1;350.0;0.0
1319;460;10;1;2200.0;220.0
1320;460;60;2;800.0;160.0
1321;461;11;2;600.0;0.0
1322;461;61;3;250.0;0.0
1323;462;12;3;1200.0;0.0
1324;462;62;1;350.0;0.0
1325;463;13;1;1800.0;180.0
1326;463;63;2;300.0;60.0
1327;464;14;2;1500.0;0.0
1328;464;64;3;450.0;0.0
1329;465;15;3;3500.0;0.0
1330;465;65;1;150.0;0.0
1331;466;16;1;1600.0;160.0
1332;466;66;2;1200.0;240.0
1333;467;17;2;900.0;0.0
1334;467;67;3;200.0;0.0
1335;468;18;3;3200.0;0.0
1336;468;68;1;180.0;0.0
1337;469;19;1;400.0;40.0
1338;469;69;2;100.0;20.0
1339;470;20;2;2800.0;0.0
1340;470;70;3;1800.0;0.0
1341;471;21;3;750.0;0.0
1342;471;71;1;350.0;0.0
1343;472;22;1;450.0;45.0
1344;472;72;2;200.0;40.0
1345;473;23;2;140.0;0.0
1346;473;73;3;150.0;0.0
1347;474;24;3;45.0;0.0
1348;474;74;1;120.0;0.0
1349;475;25;1;220.0;22.0
1350;475;75;2;250.0;50.0
1351;476;26;2;350.0;0.0
1352;476;76;3;80.0;0.0
1353;477;27;3;160.0;0.0
1354;477;77;1;180.0;0.0
1355;478;28;1;25.0;2.5
1356;478;78;2;450.0;90.0
1357;479;29;2;30.0;0.0
1358;479;79;3;600.0;0.0
1359;480;30;3;550.0;0.0
1360;480;80;1;300.0;0.0
1361;481;31;1;1200.0;120.0
1362;481;81;2;500.0;100.0
1363;482;32;2;2500.0;0.0
1364;482;82;3;2200.0;0.0
1365;483;33;3;3500.0;0.0
1366;483;83;1;1800.0;0.0
1367;484;34;1;2800.0;280.0
1368;484;84;2;1500.0;300.0
1369;485;35;2;350.0;0.0
1370;485;85;3;3500.0;0.0
1371;486;36;3;450.0;0.0
1372;486;86;1;4500.0;0.0
1373;487;37;1;1500.0;150.0
1374;487;87;2;250.0;50.0
1375;488;38;2;800.0;0.0
1376;488;88;3;150.0;0.0
1377;489;39;3;1800.0;0.0
1378;489;89;1;3800.0;0.0
1379;490;40;1;3200.0;320.0
1380;490;90;2;700.0;140.0
1381;491;41;2;2500.0;0.0
1382;491;91;3;5500.0;0.0
1383;492;42;3;800.0;0.0
1384;492;92;1;4500.0;0.0
1385;493;43;1;1200.0;120.0
1386;493;93;2;25000.0;5000.0
1387;494;44;2;600.0;0.0
1388;494;94;3;18000.0;0.0
1389;495;45;3;3500.0;0.0
1390;495;95;1;15000.0;0.0
1391;496;46;1;1800.0;180.0
1392;496;96;2;3500.0;700.0
1393;497;47;2;300.0;0.0
1394;497;97;3;6500.0;0.0
1395;498;48;3;250.0;0.0
1396;498;98;1;22000.0;0.0
1397;499;49;1;500.0;50.0
1398;499;99;2;12000.0;2400.0
1399;500;50;2;400.0;0.0
1400;500;100;3;8500.0;0.0
1401;501;1;1;25000.0;2500.0
1402;501;51;2;900.0;180.0
1403;502;2;2;55000.0;0.0
1404;502;52;3;1500.0;0.0
1405;503;3;3;18000.0;0.0
1406;503;53;1;400.0;0.0
1407;504;4;1;40000.0;4000.0
1408;504;54;2;1100.0;220.0
1409;505;5;2;2500.0;0.0
1410;505;55;3;2200.0;0.0
1411;506;6;3;3500.0;0.0
1412;506;56;1;600.0;0.0
1413;507;7;1;1200.0;120.0
1414;507;57;2;500.0;100.0
1415;508;8;2;28000.0;0.0
1416;508;58;3;250.0;0.0
1417;509;9;3;12000.0;0.0
1418;509;59;1;350.0;0.0
1419;510;10;1;2200.0;220.0
1420;510;60;2;800.0;160.0
1421;511;11;2;600.0;0.0
1422;511;61;3;250.0;0.0
1423;512;12;3;1200.0;0.0
1424;512;62;1;350.0;0.0
1425;513;13;1;1800.0;180.0
1426;513;63;2;300.0;60.0
1427;514;14;2;1500.0;0.0
1428;514;64;3;450.0;0.0
1429;515;15;3;3500.0;0.0
1430;515;65;1;150.0;0.0
1431;516;16;1;1600.0;160.0
1432;516;66;2;1200.0;240.0
1433;517;17;2;900.0;0.0
1434;517;67;3;200.0;0.0
1435;518;18;3;3200.0;0.0
1436;518;68;1;180.0;0.0
1437;519;19;1;400.0;40.0
1438;519;69;2;100.0;20.0
1439;520;20;2;2800.0;0.0
1440;520;70;3;1800.0;0.0
1441;521;21;3;750.0;0.0
1442;521;71;1;350.0;0.0
1443;522;22;1;450.0;45.0
1444;522;72;2;200.0;40.0
1445;523;23;2;140.0;0.0
1446;523;73;3;150.0;0.0
1447;524;24;3;45.0;0.0
1448;524;74;1;120.0;0.0
1449;525;25;1;220.0;22.0
1450;525;75;2;250.0;50.0
1451;526;26;2;350.0;0.0
1452;526;76;3;80.0;0.0
1453;527;27;3;160.0;0.0
1454;527;77;1;180.0;0.0
1455;528;28;1;25.0;2.5
1456;528;78;2;450.0;90.0
1457;529;29;2;30.0;0.0
1458;529;79;3;600.0;0.0
1459;530;30;3;550.0;0.0
1460;530;80;1;300.0;0.0
1461;531;31;1;1200.0;120.0
1462;531;81;2;500.0;100.0
1463;532;32;2;2500.0;0.0
1464;532;82;3;2200.0;0.0
1465;533;33;3;3500.0;0.0
1466;533;83;1;1800.0;0.0
1467;534;34;1;2800.0;280.0
1468;534;84;2;1500.0;300.0
1469;535;35;2;350.0;0.0
1470;535;85;3;3500.0;0.0
1471;536;36;3;450.0;0.0
1472;536;86;1;4500.0;0.0
1473;537;37;1;1500.0;150.0
1474;537;87;2;250.0;50.0
1475;538;38;2;800.0;0.0
1476;538;88;3;150.0;0.0
1477;539;39;3;1800.0;0.0
1478;539;89;1;3800.0;0.0
1479;540;40;1;3200.0;320.0
1480;540;90;2;700.0;140.0
1481;541;41;2;2500.0;0.0
1482;541;91;3;5500.0;0.0
1483;542;42;3;800.0;0.0
1484;542;92;1;4500.0;0.0
1485;543;43;1;1200.0;120.0
1486;543;93;2;25000.0;5000.0
1487;544;44;2;600.0;0.0
1488;544;94;3;18000.0;0.0
1489;545;45;3;3500.0;0.0
1490;545;95;1;15000.0;0.0
1491;546;46;1;1800.0;180.0
1492;546;96;2;3500.0;700.0
1493;547;47;2;300.0;0.0
1494;547;97;3;6500.0;0.0
1495;548;48;3;250.0;0.0
1496;548;98;1;22000.0;0.0
1497;549;49;1;500.0;50.0
1498;549;99;2;12000.0;2400.0
1499;550;50;2;400.0;0.0
1500;550;100;3;8500.0;0.0
1501;551;1;1;25000.0;2500.0
1502;551;51;2;900.0;180.0
1503;552;2;2;55000.0;0.0
1504;552;52;3;1500.0;0.0
1505;553;3;3;18000.0;0.0
1506;553;53;1;400.0;0.0
1507;554;4;1;40000.0;4000.0
1508;554;54;2;1100.0;220.0
1509;555;5;2;2500.0;0.0
1510;555;55;3;2200.0;0.0
1511;556;6;3;3500.0;0.0
1512;556;56;1;600.0;0.0
1513;557;7;1;1200.0;120.0
1514;557;57;2;500.0;100.0
1515;558;8;2;28000.0;0.0
1516;558;58;3;250.0;0.0
1517;559;9;3;12000.0;0.0
1518;559;59;1;350.0;0.0
1519;560;10;1;2200.0;220.0
1520;560;60;2;800.0;160.0
1521;561;11;2;600.0;0.0
1522;561;61;3;250.0;0.0
1523;562;12;3;1200.0;0.0
1524;562;62;1;350.0;0.0
1525;563;13;1;1800.0;180.0
1526;563;63;2;300.0;60.0
1527;564;14;2;1500.0;0.0
1528;564;64;3;450.0;0.0
1529;565;15;3;3500.0;0.0
1530;565;65;1;150.0;0.0
1531;566;16;1;1600.0;160.0
1532;566;66;2;1200.0;240.0
1533;567;17;2;900.0;0.0
1534;567;67;3;200.0;0.0
1535;568;18;3;3200.0;0.0
1536;568;68;1;180.0;0.0
1537;569;19;1;400.0;40.0
1538;569;69;2;100.0;20.0
1539;570;20;2;2800.0;0.0
1540;570;70;3;1800.0;0.0
1541;571;21;3;750.0;0.0
1542;571;71;1;350.0;0.0
1543;572;22;1;450.0;45.0
1544;572;72;2;200.0;40.0
1545;573;23;2;140.0;0.0
1546;573;73;3;150.0;0.0
1547;574;24;3;45.0;0.0
1548;574;74;1;120.0;0.0
1549;575;25;1;220.0;22.0
1550;575;75;2;250.0;50.0
1551;576;26;2;350.0;0.0
1552;576;76;3;80.0;0.0
1553;577;27;3;160.0;0.0
1554;577;77;1;180.0;0.0
1555;578;28;1;25.0;2.5
1556;578;78;2;450.0;90.0
1557;579;29;2;30.0;0.0
1558;579;79;3;600.0;0.0
1559;580;30;3;550.0;0.0
1560;580;80;1;300.0;0.0
1561;581;31;1;1200.0;120.0
1562;581;81;2;500.0;100.0
1563;582;32;2;2500.0;0.0
1564;582;82;3;2200.0;0.0
1565;583;33;3;3500.0;0.0
1566;583;83;1;1800.0;0.0
1567;584;34;1;2800.0;280.0
1568;584;84;2;1500.0;300.0
1569;585;35;2;350.0;0.0
1570;585;85;3;3500.0;0.0
1571;586;36;3;450.0;0.0
1572;586;86;1;4500.0;0.0
1573;587;37;1;1500.0;150.0
1574;587;87;2;250.0;50.0
1575;588;38;2;800.0;0.0
1576;588;88;3;150.0;0.0
1577;589;39;3;1800.0;0.0
1578;589;89;1;3800.0;0.0
1579;590;40;1;3200.0;320.0
1580;590;90;2;700.0;140.0
1581;591;41;2;2500.0;0.0
1582;591;91;3;5500.0;0.0
1583;592;42;3;800.0;0.0
1584;592;92;1;4500.0;0.0
1585;593;43;1;1200.0;120.0
1586;593;93;2;25000.0;5000.0
1587;594;44;2;600.0;0.0
1588;594;94;3;18000.0;0.0
1589;595;45;3;3500.0;0.0
1590;595;95;1;15000.0;0.0
1591;596;46;1;1800.0;180.0
1592;596;96;2;3500.0;700.0
1593;597;47;2;300.0;0.0
1594;597;97;3;6500.0;0.0
1595;598;48;3;250.0;0.0
1596;598;98;1;22000.0;0.0
1597;599;49;1;500.0;50.0
1598;599;99;2;12000.0;2400.0
1599;600;50;2;400.0;0.0
1600;600;100;3;8500.0;0.0
1601;601;1;1;25000.0;2500.0
1602;601;51;2;900.0;180.0
1603;602;2;2;55000.0;0.0
1604;602;52;3;1500.0;0.0
1605;603;3;3;18000.0;0.0
1606;603;53;1;400.0;0.0
1607;604;4;1;40000.0;4000.0
1608;604;54;2;1100.0;220.0
1609;605;5;2;2500.0;0.0
1610;605;55;3;2200.0;0.0
1611;606;6;3;3500.0;0.0
1612;606;56;1;600.0;0.0
1613;607;7;1;1200.0;120.0
1614;607;57;2;500.0;100.0
1615;608;8;2;28000.0;0.0
1616;608;58;3;250.0;0.0
1617;609;9;3;12000.0;0.0
1618;609;59;1;350.0;0.0
1619;610;10;1;2200.0;220.0
1620;610;60;2;800.0;160.0
1621;611;11;2;600.0;0.0
1622;611;61;3;250.0;0.0
1623;612;12;3;1200.0;0.0
1624;612;62;1;350.0;0.0
1625;613;13;1;1800.0;180.0
1626;613;63;2;300.0;60.0
1627;614;14;2;1500.0;0.0
1628;614;64;3;450.0;0.0
1629;615;15;3;3500.0;0.0
1630;615;65;1;150.0;0.0
1631;616;16;1;1600.0;160.0
1632;616;66;2;1200.0;240.0
1633;617;17;2;900.0;0.0
1634;617;67;3;200.0;0.0
1635;618;18;3;3200.0;0.0
1636;618;68;1;180.0;0.0
1637;619;19;1;400.0;40.0
1638;619;69;2;100.0;20.0
1639;620;20;2;2800.0;0.0
1640;620;70;3;1800.0;0.0
1641;621;21;3;750.0;0.0
1642;621;71;1;350.0;0.0
1643;622;22;1;450.0;45.0
1644;622;72;2;200.0;40.0
1645;623;23;2;140.0;0.0
1646;623;73;3;150.0;0.0
1647;624;24;3;45.0;0.0
1648;624;74;1;120.0;0.0
1649;625;25;1;220.0;22.0
1650;625;75;2;250.0;50.0
1651;626;26;2;350.0;0.0
1652;626;76;3;80.0;0.0
1653;627;27;3;160.0;0.0
1654;627;77;1;180.0;0.0
1655;628;28;1;25.0;2.5
1656;628;78;2;450.0;90.0
1657;629;29;2;30.0;0.0
1658;629;79;3;600.0;0.0
1659;630;30;3;550.0;0.0
1660;630;80;1;300.0;0.0
1661;631;31;1;1200.0;120.0
1662;631;81;2;500.0;100.0
1663;632;32;2;2500.0;0.0
1664;632;82;3;2200.0;0.0
1665;633;33;3;3500.0;0.0
1666;633;83;1;1800.0;0.0
1667;634;34;1;2800.0;280.0
1668;634;84;2;1500.0;300.0
1669;635;35;2;350.0;0.0
1670;635;85;3;3500.0;0.0
1671;636;36;3;450.0;0.0
1672;636;86;1;4500.0;0.0
1673;637;37;1;1500.0;150.0
1674;637;87;2;250.0;50.0
1675;638;38;2;800.0;0.0
1676;638;88;3;150.0;0.0
1677;639;39;3;1800.0;0.0
1678;639;89;1;3800.0;0.0
1679;640;40;1;3200.0;320.0
1680;640;90;2;700.0;140.0
1681;641;41;2;2500.0;0.0
1682;641;91;3;5500.0;0.0
1683;642;42;3;800.0;0.0
1684;642;92;1;4500.0;0.0
1685;643;43;1;1200.0;120.0
1686;643;93;2;25000.0;5000.0
1687;644;44;2;600.0;0.0
1688;644;94;3;18000.0;0.0
1689;645;45;3;3500.0;0.0
1690;645;95;1;15000.0;0.0
1691;646;46;1;1800.0;180.0
1692;646;96;2;3500.0;700.0
1693;647;47;2;300.0;0.0
1694;647;97;3;6500.0;0.0
1695;648;48;3;250.0;0.0
1696;648;98;1;22000.0;0.0
1697;649;49;1;500.0;50.0
1698;649;99;2;12000.0;2400.0
1699;650;50;2;400.0;0.0
1700;650;100;3;8500.0;0.0
1701;651;1;1;25000.0;2500.0
1702;651;51;2;900.0;180.0
1703;652;2;2;55000.0;0.0
1704;652;52;3;1500.0;0.0
1705;653;3;3;18000.0;0.0
1706;653;53;1;400.0;0.0
1707;654;4;1;40000.0;4000.0
1708;654;54;2;1100.0;220.0
1709;655;5;2;2500.0;0.0
1710;655;55;3;2200.0;0.0
1711;656;6;3;3500.0;0.0
1712;656;56;1;600.0;0.0
1713;657;7;1;1200.0;120.0
1714;657;57;2;500.0;100.0
1715;658;8;2;28000.0;0.0
1716;658;58;3;250.0;0.0
1717;659;9;3;12000.0;0.0
1718;659;59;1;350.0;0.0
1719;660;10;1;2200.0;220.0
1720;660;60;2;800.0;160.0
1721;661;11;2;600.0;0.0
1722;661;61;3;250.0;0.0
1723;662;12;3;1200.0;0.0
1724;662;62;1;350.0;0.0
1725;663;13;1;1800.0;180.0
1726;663;63;2;300.0;60.0
1727;664;14;2;1500.0;0.0
1728;664;64;3;450.0;0.0
1729;665;15;3;3500.0;0.0
1730;665;65;1;150.0;0.0
1731;666;16;1;1600.0;160.0
1732;666;66;2;1200.0;240.0
1733;667;17;2;900.0;0.0
1734;667;67;3;200.0;0.0
1735;668;18;3;3200.0;0.0
1736;668;68;1;180.0;0.0
1737;669;19;1;400.0;40.0
1738;669;69;2;100.0;20.0
1739;670;20;2;2800.0;0.0
1740;670;70;3;1800.0;0.0
1741;671;21;3;750.0;0.0
1742;671;71;1;350.0;0.0
1743;672;22;1;450.0;45.0
1744;672;72;2;200.0;40.0
1745;673;23;2;140.0;0.0
1746;673;73;3;150.0;0.0
1747;674;24;3;45.0;0.0
1748;674;74;1;120.0;0.0
1749;675;25;1;220.0;22.0
1750;675;75;2;250.0;50.0
1751;676;26;2;350.0;0.0
1752;676;76;3;80.0;0.0
1753;677;27;3;160.0;0.0
1754;677;77;1;180.0;0.0
1755;678;28;1;25.0;2.5
1756;678;78;2;450.0;90.0
1757;679;29;2;30.0;0.0
1758;679;79;3;600.0;0.0
1759;680;30;3;550.0;0.0
1760;680;80;1;300.0;0.0
1761;681;31;1;1200.0;120.0
1762;681;81;2;500.0;100.0
1763;682;32;2;2500.0;0.0
1764;682;82;3;2200.0;0.0
1765;683;33;3;3500.0;0.0
1766;683;83;1;1800.0;0.0
1767;684;34;1;2800.0;280.0
1768;684;84;2;1500.0;300.0
1769;685;35;2;350.0;0.0
1770;685;85;3;3500.0;0.0
1771;686;36;3;450.0;0.0
1772;686;86;1;4500.0;0.0
1773;687;37;1;1500.0;150.0
1774;687;87;2;250.0;50.0
1775;688;38;2;800.0;0.0
1776;688;88;3;150.0;0.0
1777;689;39;3;1800.0;0.0
1778;689;89;1;3800.0;0.0
1779;690;40;1;3200.0;320.0
1780;690;90;2;700.0;140.0
1781;691;41;2;2500.0;0.0
1782;691;91;3;5500.0;0.0
1783;692;42;3;800.0;0.0
1784;692;92;1;4500.0;0.0
1785;693;43;1;1200.0;120.0
1786;693;93;2;25000.0;5000.0
1787;694;44;2;600.0;0.0
1788;694;94;3;18000.0;0.0
1789;695;45;3;3500.0;0.0
1790;695;95;1;15000.0;0.0
1791;696;46;1;1800.0;180.0
1792;696;96;2;3500.0;700.0
1793;697;47;2;300.0;0.0
1794;697;97;3;6500.0;0.0
1795;698;48;3;250.0;0.0
1796;698;98;1;22000.0;0.0
1797;699;49;1;500.0;50.0
1798;699;99;2;12000.0;2400.0
1799;700;50;2;400.0;0.0
1800;700;100;3;8500.0;0.0
1801;701;1;1;25000.0;2500.0
1802;701;51;2;900.0;180.0
1803;702;2;2;55000.0;0.0
1804;702;52;3;1500.0;0.0
1805;703;3;3;18000.0;0.0
1806;703;53;1;400.0;0.0
1807;704;4;1;40000.0;4000.0
1808;704;54;2;1100.0;220.0
1809;705;5;2;2500.0;0.0
1810;705;55;3;2200.0;0.0
1811;706;6;3;3500.0;0.0
1812;706;56;1;600.0;0.0
1813;707;7;1;1200.0;120.0
1814;707;57;2;500.0;100.0
1815;708;8;2;28000.0;0.0
1816;708;58;3;250.0;0.0
1817;709;9;3;12000.0;0.0
1818;709;59;1;350.0;0.0
1819;710;10;1;2200.0;220.0
1820;710;60;2;800.0;160.0
1821;711;11;2;600.0;0.0
1822;711;61;3;250.0;0.0
1823;712;12;3;1200.0;0.0
1824;712;62;1;350.0;0.0
1825;713;13;1;1800.0;180.0
1826;713;63;2;300.0;60.0
1827;714;14;2;1500.0;0.0
1828;714;64;3;450.0;0.0
1829;715;15;3;3500.0;0.0
1830;715;65;1;150.0;0.0
1831;716;16;1;1600.0;160.0
1832;716;66;2;1200.0;240.0
1833;717;17;2;900.0;0.0
1834;717;67;3;200.0;0.0
1835;718;18;3;3200.0;0.0
1836;718;68;1;180.0;0.0
1837;719;19;1;400.0;40.0
1838;719;69;2;100.0;20.0
1839;720;20;2;2800.0;0.0
1840;720;70;3;1800.0;0.0
1841;721;21;3;750.0;0.0
1842;721;71;1;350.0;0.0
1843;722;22;1;450.0;45.0
1844;722;72;2;200.0;40.0
1845;723;23;2;140.0;0.0
1846;723;73;3;150.0;0.0
1847;724;24;3;45.0;0.0
1848;724;74;1;120.0;0.0
1849;725;25;1;220.0;22.0
1850;725;75;2;250.0;50.0
1851;726;26;2;350.0;0.0
1852;726;76;3;80.0;0.0
1853;727;27;3;160.0;0.0
1854;727;77;1;180.0;0.0
1855;728;28;1;25.0;2.5
1856;728;78;2;450.0;90.0
1857;729;29;2;30.0;0.0
1858;729;79;3;600.0;0.0
1859;730;30;3;550.0;0.0
1860;730;80;1;300.0;0.0
1861;731;31;1;1200.0;120.0
1862;731;81;2;500.0;100.0
1863;732;32;2;2500.0;0.0
1864;732;82;3;2200.0;0.0
1865;733;33;3;3500.0;0.0
1866;733;83;1;1800.0;0.0
1867;734;34;1;2800.0;280.0
1868;734;84;2;1500.0;300.0
1869;735;35;2;350.0;0.0
1870;735;85;3;3500.0;0.0
1871;736;36;3;450.0;0.0
1872;736;86;1;4500.0;0.0
1873;737;37;1;1500.0;150.0
1874;737;87;2;250.0;50.0
1875;738;38;2;800.0;0.0
1876;738;88;3;150.0;0.0
1877;739;39;3;1800.0;0.0
1878;739;89;1;3800.0;0.0
1879;740;40;1;3200.0;320.0
1880;740;90;2;700.0;140.0
1881;741;41;2;2500.0;0.0
1882;741;91;3;5500.0;0.0
1883;742;42;3;800.0;0.0
1884;742;92;1;4500.0;0.0
1885;743;43;1;1200.0;120.0
1886;743;93;2;25000.0;5000.0
1887;744;44;2;600.0;0.0
1888;744;94;3;18000.0;0.0
1889;745;45;3;3500.0;0.0
1890;745;95;1;15000.0;0.0
1891;746;46;1;1800.0;180.0
1892;746;96;2;3500.0;700.0
1893;747;47;2;300.0;0.0
1894;747;97;3;6500.0;0.0
1895;748;48;3;250.0;0.0
1896;748;98;1;22000.0;0.0
1897;749;49;1;500.0;50.0
1898;749;99;2;12000.0;2400.0
1899;750;50;2;400.0;0.0
1900;750;100;3;8500.0;0.0
1901;751;1;1;25000.0;2500.0
1902;751;51;2;900.0;180.0
1903;752;2;2;55000.0;0.0
1904;752;52;3;1500.0;0.0
1905;753;3;3;18000.0;0.0
1906;753;53;1;400.0;0.0
1907;754;4;1;40000.0;4000.0
1908;754;54;2;1100.0;220.0
1909;755;5;2;2500.0;0.0
1910;755;55;3;2200.0;0.0
1911;756;6;3;3500.0;0.0
1912;756;56;1;600.0;0.0
1913;757;7;1;1200.0;120.0
1914;757;57;2;500.0;100.0
1915;758;8;2;28000.0;0.0
1916;758;58;3;250.0;0.0
1917;759;9;3;12000.0;0.0
1918;759;59;1;350.0;0.0
1919;760;10;1;2200.0;220.0
1920;760;60;2;800.0;160.0
1921;761;11;2;600.0;0.0
1922;761;61;3;250.0;0.0
1923;762;12;3;1200.0;0.0
1924;762;62;1;350.0;0.0
1925;763;13;1;1800.0;180.0
1926;763;63;2;300.0;60.0
1927;764;14;2;1500.0;0.0
1928;764;64;3;450.0;0.0
1929;765;15;3;3500.0;0.0
1930;765;65;1;150.0;0.0
1931;766;16;1;1600.0;160.0
1932;766;66;2;1200.0;240.0
1933;767;17;2;900.0;0.0
1934;767;67;3;200.0;0.0
1935;768;18;3;3200.0;0.0
1936;768;68;1;180.0;0.0
1937;769;19;1;400.0;40.0
1938;769;69;2;100.0;20.0
1939;770;20;2;2800.0;0.0
1940;770;70;3;1800.0;0.0
1941;771;21;3;750.0;0.0
1942;771;71;1;350.0;0.0
1943;772;22;1;450.0;45.0
1944;772;72;2;200.0;40.0
1945;773;23;2;140.0;0.0
1946;773;73;3;150.0;0.0
1947;774;24;3;45.0;0.0
1948;774;74;1;120.0;0.0
1949;775;25;1;220.0;22.0
1950;775;75;2;250.0;50.0
1951;776;26;2;350.0;0.0
1952;776;76;3;80.0;0.0
1953;777;27;3;160.0;0.0
1954;777;77;1;180.0;0.0
1955;778;28;1;25.0;2.5
1956;778;78;2;450.0;90.0
1957;779;29;2;30.0;0.0
1958;779;79;3;600.0;0.0
1959;780;30;3;550.0;0.0
1960;780;80;1;300.0;0.0
1961;781;31;1;1200.0;120.0
1962;781;81;2;500.0;100.0
1963;782;32;2;2500.0;0.0
1964;782;82;3;2200.0;0.0
1965;783;33;3;3500.0;0.0
1966;783;83;1;1800.0;0.0
1967;784;34;1;2800.0;280.0
1968;784;84;2;1500.0;300.0
1969;785;35;2;350.0;0.0
1970;785;85;3;3500.0;0.0
1971;786;36;3;450.0;0.0
1972;786;86;1;4500.0;0.0
1973;787;37;1;1500.0;150.0
1974;787;87;2;250.0;50.0
1975;788;38;2;800.0;0.0
1976;788;88;3;150.0;0.0
1977;789;39;3;1800.0;0.0
1978;789;89;1;3800.0;0.0
1979;790;40;1;3200.0;320.0
1980;790;90;2;700.0;140.0
1981;791;41;2;2500.0;0.0
1982;791;91;3;5500.0;0.0
1983;792;42;3;800.0;0.0
1984;792;92;1;4500.0;0.0
1985;793;43;1;1200.0;120.0
1986;793;93;2;25000.0;5000.0
1987;794;44;2;600.0;0.0
1988;794;94;3;18000.0;0.0
1989;795;45;3;3500.0;0.0
1990;795;95;1;15000.0;0.0
1991;796;46;1;1800.0;180.0
1992;796;96;2;3500.0;700.0
1993;797;47;2;300.0;0.0
1994;797;97;3;6500.0;0.0
1995;798;48;3;250.0;0.0
1996;798;98;1;22000.0;0.0
1997;799;49;1;500.0;50.0
1998;799;99;2;12000.0;2400.0
1999;800;50;2;400.0;0.0
2000;800;100;3;8500.0;0.0
