"payment_id";"order_id";"payment_date";"payment_method";"amount";"payment_status"
1;1;"2023-01-03";"Credit Card";5110.0;"Completed"
2;2;"2023-01-04";"Debit Card";5520.0;"Completed"
3;3;"2023-01-05";"UPI";1625.0;"Completed"
4;4;"2023-01-06";"Net Banking";4286.0;"Completed"
5;5;"2023-01-07";"Cash on Delivery";2025.0;"Pending"
6;6;"2023-01-08";"Wallet";7240.0;"Completed"
7;7;"2023-01-09";"Credit Card";10940.0;"Completed"
8;8;"2023-01-10";"Debit Card";14850.0;"Failed"
9;9;"2023-01-11";"UPI";49660.0;"Completed"
10;10;"2023-01-12";"Net Banking";15440.0;"Completed"
11;11;"2023-01-13";"Cash on Delivery";53430.0;"Completed"
12;12;"2023-01-14";"Wallet";44721.5;"Completed"
13;13;"2023-01-15";"Credit Card";11440.0;"Refunded"
14;14;"2023-01-16";"Debit Card";4780.0;"Completed"
15;15;"2023-01-17";"UPI";12750.0;"Pending"
16;16;"2023-01-18";"Net Banking";6550.0;"Completed"
17;17;"2023-01-19";"Cash on Delivery";9745.0;"Completed"
18;18;"2023-01-20";"Wallet";10040.0;"Completed"
19;19;"2023-01-21";"Credit Card";1805.0;"Completed"
20;20;"2023-01-22";"Debit Card";3210.0;"Completed"
21;21;"2023-01-23";"UPI";5110.0;"Completed"
22;22;"2023-01-24";"Net Banking";5520.0;"Completed"
23;23;"2023-01-25";"Cash on Delivery";1625.0;"Completed"
24;24;"2023-01-26";"Wallet";4286.0;"Completed"
25;25;"2023-01-27";"Credit Card";2025.0;"Pending"
26;26;"2023-01-28";"Debit Card";7240.0;"Completed"
27;27;"2023-01-29";"UPI";10940.0;"Completed"
28;28;"2023-01-30";"Net Banking";14850.0;"Failed"
29;29;"2023-01-31";"Cash on Delivery";49660.0;"Completed"
30;30;"2023-02-01";"Wallet";15440.0;"Completed"
31;31;"2023-02-02";"Credit Card";53430.0;"Completed"
32;32;"2023-02-03";"Debit Card";44721.5;"Completed"
33;33;"2023-02-04";"UPI";11440.0;"Refunded"
34;34;"2023-02-05";"Net Banking";4780.0;"Completed"
35;35;"2023-02-06";"Cash on Delivery";12750.0;"Pending"
36;36;"2023-02-07";"Wallet";6550.0;"Completed"
37;37;"2023-02-08";"Credit Card";9745.0;"Completed"
38;38;"2023-02-09";"Debit Card";10040.0;"Completed"
39;39;"2023-02-10";"UPI";1805.0;"Completed"
40;40;"2023-02-11";"Net Banking";3210.0;"Completed"
41;41;"2023-02-12";"Cash on Delivery";5110.0;"Completed"
42;42;"2023-02-13";"Wallet";5520.0;"Completed"
43;43;"2023-02-14";"Credit Card";1625.0;"Completed"
44;44;"2023-02-15";"Debit Card";4286.0;"Completed"
45;45;"2023-02-16";"UPI";2025.0;"Pending"
46;46;"2023-02-17";"Net Banking";7240.0;"Completed"
47;47;"2023-02-18";"Cash on Delivery";10940.0;"Completed"
48;48;"2023-02-19";"Wallet";14850.0;"Failed"
49;49;"2023-02-20";"Credit Card";49660.0;"Completed"
50;50;"2023-02-21";"Debit Card";15440.0;"Completed"
51;51;"2023-02-22";"UPI";53430.0;"Completed"
52;52;"2023-02-23";"Net Banking";44721.5;"Completed"
53;53;"2023-02-24";"Cash on Delivery";11440.0;"Refunded"
54;54;"2023-02-25";"Wallet";4780.0;"Completed"
55;55;"2023-02-26";"Credit Card";12750.0;"Pending"
56;56;"2023-02-27";"Debit Card";6550.0;"Completed"
57;57;"2023-02-28";"UPI";9745.0;"Completed"
58;58;"2023-03-01";"Net Banking";10040.0;"Completed"
59;59;"2023-03-02";"Cash on Delivery";1805.0;"Completed"
60;60;"2023-03-03";"Wallet";3210.0;"Completed"
61;61;"2023-03-04";"Credit Card";5110.0;"Completed"
62;62;"2023-03-05";"Debit Card";5520.0;"Completed"
63;63;"2023-03-06";"UPI";1625.0;"Completed"
64;64;"2023-03-07";"Net Banking";4286.0;"Completed"
65;65;"2023-03-08";"Cash on Delivery";2025.0;"Pending"
66;66;"2023-03-09";"Wallet";7240.0;"Completed"
67;67;"2023-03-10";"Credit Card";10940.0;"Completed"
68;68;"2023-03-11";"Debit Card";14850.0;"Failed"
69;69;"2023-03-12";"UPI";49660.0;"Completed"
70;70;"2023-03-13";"Net Banking";15440.0;"Completed"
71;71;"2023-03-14";"Cash on Delivery";53430.0;"Completed"
72;72;"2023-03-15";"Wallet";44721.5;"Completed"
73;73;"2023-03-16";"Credit Card";11440.0;"Refunded"
74;74;"2023-03-17";"Debit Card";4780.0;"Completed"
75;75;"2023-03-18";"UPI";12750.0;"Pending"
76;76;"2023-03-19";"Net Banking";6550.0;"Completed"
77;77;"2023-03-20";"Cash on Delivery";9745.0;"Completed"
78;78;"2023-03-21";"Wallet";10040.0;"Completed"
79;79;"2023-03-22";"Credit Card";1805.0;"Completed"
80;80;"2023-03-23";"Debit Card";3210.0;"Completed"
81;81;"2023-03-24";"UPI";5110.0;"Completed"
82;82;"2023-03-25";"Net Banking";5520.0;"Completed"
83;83;"2023-03-26";"Cash on Delivery";1625.0;"Completed"
84;84;"2023-03-27";"Wallet";4286.0;"Completed"
85;85;"2023-03-28";"Credit Card";2025.0;"Pending"
86;86;"2023-03-29";"Debit Card";7240.0;"Completed"
87;87;"2023-03-30";"UPI";10940.0;"Completed"
88;88;"2023-03-31";"Net Banking";14850.0;"Failed"
89;89;"2023-04-01";"Cash on Delivery";49660.0;"Completed"
90;90;"2023-04-02";"Wallet";15440.0;"Completed"
91;91;"2023-04-03";"Credit Card";53430.0;"Completed"
92;92;"2023-04-04";"Debit Card";44721.5;"Completed"
93;93;"2023-04-05";"UPI";11440.0;"Refunded"
94;94;"2023-04-06";"Net Banking";4780.0;"Completed"
95;95;"2023-04-07";"Cash on Delivery";12750.0;"Pending"
96;96;"2023-04-08";"Wallet";6550.0;"Completed"
97;97;"2023-04-09";"Credit Card";9745.0;"Completed"
98;98;"2023-04-10";"Debit Card";10040.0;"Completed"
99;99;"2023-04-11";"UPI";1805.0;"Completed"
100;100;"2023-04-12";"Net Banking";3210.0;"Completed"
101;101;"2023-04-13";"Cash on Delivery";5110.0;"Completed"
102;102;"2023-04-14";"Wallet";5520.0;"Completed"
103;103;"2023-04-15";"Credit Card";1625.0;"Completed"
104;104;"2023-04-16";"Debit Card";4286.0;"Completed"
105;105;"2023-04-17";"UPI";2025.0;"Pending"
106;106;"2023-04-18";"Net Banking";7240.0;"Completed"
107;107;"2023-04-19";"Cash on Delivery";10940.0;"Completed"
108;108;"2023-04-20";"Wallet";14850.0;"Failed"
109;109;"2023-04-21";"Credit Card";49660.0;"Completed"
110;110;"2023-04-22";"Debit Card";15440.0;"Completed"
111;111;"2023-04-23";"UPI";53430.0;"Completed"
112;112;"2023-04-24";"Net Banking";44721.5;"Completed"
113;113;"2023-04-25";"Cash on Delivery";11440.0;"Refunded"
114;114;"2023-04-26";"Wallet";4780.0;"Completed"
115;115;"2023-04-27";"Credit Card";12750.0;"Pending"
116;116;"2023-04-28";"Debit Card";6550.0;"Completed"
117;117;"2023-04-29";"UPI";9745.0;"Completed"
118;118;"2023-04-30";"Net Banking";10040.0;"Completed"
119;119;"2023-05-01";"Cash on Delivery";1805.0;"Completed"
120;120;"2023-05-02";"Wallet";3210.0;"Completed"
121;121;"2023-05-03";"Credit Card";5110.0;"Completed"
122;122;"2023-05-04";"Debit Card";5520.0;"Completed"
123;123;"2023-05-05";"UPI";1625.0;"Completed"
124;124;"2023-05-06";"Net Banking";4286.0;"Completed"
125;125;"2023-05-07";"Cash on Delivery";2025.0;"Pending"
126;126;"2023-05-08";"Wallet";7240.0;"Completed"
127;127;"2023-05-09";"Credit Card";10940.0;"Completed"
128;128;"2023-05-10";"Debit Card";14850.0;"Failed"
129;129;"2023-05-11";"UPI";49660.0;"Completed"
130;130;"2023-05-12";"Net Banking";15440.0;"Completed"
131;131;"2023-05-13";"Cash on Delivery";53430.0;"Completed"
132;132;"2023-05-14";"Wallet";44721.5;"Completed"
133;133;"2023-05-15";"Credit Card";11440.0;"Refunded"
134;134;"2023-05-16";"Debit Card";4780.0;"Completed"
135;135;"2023-05-17";"UPI";12750.0;"Pending"
136;136;"2023-05-18";"Net Banking";6550.0;"Completed"
137;137;"2023-05-19";"Cash on Delivery";9745.0;"Completed"
138;138;"2023-05-20";"Wallet";10040.0;"Completed"
139;139;"2023-05-21";"Credit Card";1805.0;"Completed"
140;140;"2023-05-22";"Debit Card";3210.0;"Completed"
141;141;"2023-05-23";"UPI";5110.0;"Completed"
142;142;"2023-05-24";"Net Banking";5520.0;"Completed"
143;143;"2023-05-25";"Cash on Delivery";1625.0;"Completed"
144;144;"2023-05-26";"Wallet";4286.0;"Completed"
145;145;"2023-05-27";"Credit Card";2025.0;"Pending"
146;146;"2023-05-28";"Debit Card";7240.0;"Completed"
147;147;"2023-05-29";"UPI";10940.0;"Completed"
148;148;"2023-05-30";"Net Banking";14850.0;"Failed"
149;149;"2023-05-31";"Cash on Delivery";49660.0;"Completed"
150;150;"2023-06-01";"Wallet";15440.0;"Completed"
151;151;"2023-06-02";"Credit Card";53430.0;"Completed"
152;152;"2023-06-03";"Debit Card";44721.5;"Completed"
153;153;"2023-06-04";"UPI";11440.0;"Refunded"
154;154;"2023-06-05";"Net Banking";4780.0;"Completed"
155;155;"2023-06-06";"Cash on Delivery";12750.0;"Pending"
156;156;"2023-06-07";"Wallet";6550.0;"Completed"
157;157;"2023-06-08";"Credit Card";9745.0;"Completed"
158;158;"2023-06-09";"Debit Card";10040.0;"Completed"
159;159;"2023-06-10";"UPI";1805.0;"Completed"
160;160;"2023-06-11";"Net Banking";3210.0;"Completed"
161;161;"2023-06-12";"Cash on Delivery";5110.0;"Completed"
162;162;"2023-06-13";"Wallet";5520.0;"Completed"
163;163;"2023-06-14";"Credit Card";1625.0;"Completed"
164;164;"2023-06-15";"Debit Card";4286.0;"Completed"
165;165;"2023-06-16";"UPI";2025.0;"Pending"
166;166;"2023-06-17";"Net Banking";7240.0;"Completed"
167;167;"2023-06-18";"Cash on Delivery";10940.0;"Completed"
168;168;"2023-06-19";"Wallet";14850.0;"Failed"
169;169;"2023-06-20";"Credit Card";49660.0;"Completed"
170;170;"2023-06-21";"Debit Card";15440.0;"Completed"
171;171;"2023-06-22";"UPI";53430.0;"Completed"
172;172;"2023-06-23";"Net Banking";44721.5;"Completed"
173;173;"2023-06-24";"Cash on Delivery";11440.0;"Refunded"
174;174;"2023-06-25";"Wallet";4780.0;"Completed"
175;175;"2023-06-26";"Credit Card";12750.0;"Pending"
176;176;"2023-06-27";"Debit Card";6550.0;"Completed"
177;177;"2023-06-28";"UPI";9745.0;"Completed"
178;178;"2023-06-29";"Net Banking";10040.0;"Completed"
179;179;"2023-06-30";"Cash on Delivery";1805.0;"Completed"
180;180;"2023-07-01";"Wallet";3210.0;"Completed"
181;181;"2023-07-02";"Credit Card";5110.0;"Completed"
182;182;"2023-07-03";"Debit Card";5520.0;"Completed"
183;183;"2023-07-04";"UPI";1625.0;"Completed"
184;184;"2023-07-05";"Net Banking";4286.0;"Completed"
185;185;"2023-07-06";"Cash on Delivery";2025.0;"Pending"
186;186;"2023-07-07";"Wallet";7240.0;"Completed"
187;187;"2023-07-08";"Credit Card";10940.0;"Completed"
188;188;"2023-07-09";"Debit Card";14850.0;"Failed"
189;189;"2023-07-10";"UPI";49660.0;"Completed"
190;190;"2023-07-11";"Net Banking";15440.0;"Completed"
191;191;"2023-07-12";"Cash on Delivery";53430.0;"Completed"
192;192;"2023-07-13";"Wallet";44721.5;"Completed"
193;193;"2023-07-14";"Credit Card";11440.0;"Refunded"
194;194;"2023-07-15";"Debit Card";4780.0;"Completed"
195;195;"2023-07-16";"UPI";12750.0;"Pending"
196;196;"2023-07-17";"Net Banking";6550.0;"Completed"
197;197;"2023-07-18";"Cash on Delivery";9745.0;"Completed"
198;198;"2023-07-19";"Wallet";10040.0;"Completed"
199;199;"2023-07-20";"Credit Card";1805.0;"Completed"
200;200;"2023-07-21";"Debit Card";3210.0;"Completed"
201;201;"2023-07-22";"UPI";5110.0;"Completed"
202;202;"2023-07-23";"Net Banking";5520.0;"Completed"
203;203;"2023-07-24";"Cash on Delivery";1625.0;"Completed"
204;204;"2023-07-25";"Wallet";4286.0;"Completed"
205;205;"2023-07-26";"Credit Card";2025.0;"Pending"
206;206;"2023-07-27";"Debit Card";7240.0;"Completed"
207;207;"2023-07-28";"UPI";10940.0;"Completed"
208;208;"2023-07-29";"Net Banking";14850.0;"Failed"
209;209;"2023-07-30";"Cash on Delivery";49660.0;"Completed"
210;210;"2023-07-31";"Wallet";15440.0;"Completed"
211;211;"2023-08-01";"Credit Card";53430.0;"Completed"
212;212;"2023-08-02";"Debit Card";44721.5;"Completed"
213;213;"2023-08-03";"UPI";11440.0;"Refunded"
214;214;"2023-08-04";"Net Banking";4780.0;"Completed"
215;215;"2023-08-05";"Cash on Delivery";12750.0;"Pending"
216;216;"2023-08-06";"Wallet";6550.0;"Completed"
217;217;"2023-08-07";"Credit Card";9745.0;"Completed"
218;218;"2023-08-08";"Debit Card";10040.0;"Completed"
219;219;"2023-08-09";"UPI";1805.0;"Completed"
220;220;"2023-08-10";"Net Banking";3210.0;"Completed"
221;221;"2023-08-11";"Cash on Delivery";5110.0;"Completed"
222;222;"2023-08-12";"Wallet";5520.0;"Completed"
223;223;"2023-08-13";"Credit Card";1625.0;"Completed"
224;224;"2023-08-14";"Debit Card";4286.0;"Completed"
225;225;"2023-08-15";"UPI";2025.0;"Pending"
226;226;"2023-08-16";"Net Banking";7240.0;"Completed"
227;227;"2023-08-17";"Cash on Delivery";10940.0;"Completed"
228;228;"2023-08-18";"Wallet";14850.0;"Failed"
229;229;"2023-08-19";"Credit Card";49660.0;"Completed"
230;230;"2023-08-20";"Debit Card";15440.0;"Completed"
231;231;"2023-08-21";"UPI";53430.0;"Completed"
232;232;"2023-08-22";"Net Banking";44721.5;"Completed"
233;233;"2023-08-23";"Cash on Delivery";11440.0;"Refunded"
234;234;"2023-08-24";"Wallet";4780.0;"Completed"
235;235;"2023-08-25";"Credit Card";12750.0;"Pending"
236;236;"2023-08-26";"Debit Card";6550.0;"Completed"
237;237;"2023-08-27";"UPI";9745.0;"Completed"
238;238;"2023-08-28";"Net Banking";10040.0;"Completed"
239;239;"2023-08-29";"Cash on Delivery";1805.0;"Completed"
240;240;"2023-08-30";"Wallet";3210.0;"Completed"
241;241;"2023-08-31";"Credit Card";5110.0;"Completed"
242;242;"2023-09-01";"Debit Card";5520.0;"Completed"
243;243;"2023-09-02";"UPI";1625.0;"Completed"
244;244;"2023-09-03";"Net Banking";4286.0;"Completed"
245;245;"2023-09-04";"Cash on Delivery";2025.0;"Pending"
246;246;"2023-09-05";"Wallet";7240.0;"Completed"
247;247;"2023-09-06";"Credit Card";10940.0;"Completed"
248;248;"2023-09-07";"Debit Card";14850.0;"Failed"
249;249;"2023-09-08";"UPI";49660.0;"Completed"
250;250;"2023-09-09";"Net Banking";15440.0;"Completed"
251;251;"2023-09-10";"Cash on Delivery";53430.0;"Completed"
252;252;"2023-09-11";"Wallet";44721.5;"Completed"
253;253;"2023-09-12";"Credit Card";11440.0;"Refunded"
254;254;"2023-09-13";"Debit Card";4780.0;"Completed"
255;255;"2023-09-14";"UPI";12750.0;"Pending"
256;256;"2023-09-15";"Net Banking";6550.0;"Completed"
257;257;"2023-09-16";"Cash on Delivery";9745.0;"Completed"
258;258;"2023-09-17";"Wallet";10040.0;"Completed"
259;259;"2023-09-18";"Credit Card";1805.0;"Completed"
260;260;"2023-09-19";"Debit Card";3210.0;"Completed"
261;261;"2023-09-20";"UPI";5110.0;"Completed"
262;262;"2023-09-21";"Net Banking";5520.0;"Completed"
263;263;"2023-09-22";"Cash on Delivery";1625.0;"Completed"
264;264;"2023-09-23";"Wallet";4286.0;"Completed"
265;265;"2023-09-24";"Credit Card";2025.0;"Pending"
266;266;"2023-09-25";"Debit Card";7240.0;"Completed"
267;267;"2023-09-26";"UPI";10940.0;"Completed"
268;268;"2023-09-27";"Net Banking";14850.0;"Failed"
269;269;"2023-09-28";"Cash on Delivery";49660.0;"Completed"
270;270;"2023-09-29";"Wallet";15440.0;"Completed"
271;271;"2023-09-30";"Credit Card";53430.0;"Completed"
272;272;"2023-10-01";"Debit Card";44721.5;"Completed"
273;273;"2023-10-02";"UPI";11440.0;"Refunded"
274;274;"2023-10-03";"Net Banking";4780.0;"Completed"
275;275;"2023-10-04";"Cash on Delivery";12750.0;"Pending"
276;276;"2023-10-05";"Wallet";6550.0;"Completed"
277;277;"2023-10-06";"Credit Card";9745.0;"Completed"
278;278;"2023-10-07";"Debit Card";10040.0;"Completed"
279;279;"2023-10-08";"UPI";1805.0;"Completed"
280;280;"2023-10-09";"Net Banking";3210.0;"Completed"
281;281;"2023-10-10";"Cash on Delivery";5110.0;"Completed"
282;282;"2023-10-11";"Wallet";5520.0;"Completed"
283;283;"2023-10-12";"Credit Card";1625.0;"Completed"
284;284;"2023-10-13";"Debit Card";4286.0;"Completed"
285;285;"2023-10-14";"UPI";2025.0;"Pending"
286;286;"2023-10-15";"Net Banking";7240.0;"Completed"
287;287;"2023-10-16";"Cash on Delivery";10940.0;"Completed"
288;288;"2023-10-17";"Wallet";14850.0;"Failed"
289;289;"2023-10-18";"Credit Card";49660.0;"Completed"
290;290;"2023-10-19";"Debit Card";15440.0;"Completed"
291;291;"2023-10-20";"UPI";53430.0;"Completed"
292;292;"2023-10-21";"Net Banking";44721.5;"Completed"
293;293;"2023-10-22";"Cash on Delivery";11440.0;"Refunded"
294;294;"2023-10-23";"Wallet";4780.0;"Completed"
295;295;"2023-10-24";"Credit Card";12750.0;"Pending"
296;296;"2023-10-25";"Debit Card";6550.0;"Completed"
297;297;"2023-10-26";"UPI";9745.0;"Completed"
298;298;"2023-10-27";"Net Banking";10040.0;"Completed"
299;299;"2023-10-28";"Cash on Delivery";1805.0;"Completed"
300;300;"2023-10-29";"Wallet";3210.0;"Completed"
301;301;"2023-10-30";"Credit Card";5110.0;"Completed"
302;302;"2023-10-31";"Debit Card";5520.0;"Completed"
303;303;"2023-11-01";"UPI";1625.0;"Completed"
304;304;"2023-11-02";"Net Banking";4286.0;"Completed"
305;305;"2023-11-03";"Cash on Delivery";2025.0;"Pending"
306;306;"2023-11-04";"Wallet";7240.0;"Completed"
307;307;"2023-11-05";"Credit Card";10940.0;"Completed"
308;308;"2023-11-06";"Debit Card";14850.0;"Failed"
309;309;"2023-11-07";"UPI";49660.0;"Completed"
310;310;"2023-11-08";"Net Banking";15440.0;"Completed"
311;311;"2023-11-09";"Cash on Delivery";53430.0;"Completed"
312;312;"2023-11-10";"Wallet";44721.5;"Completed"
313;313;"2023-11-11";"Credit Card";11440.0;"Refunded"
314;314;"2023-11-12";"Debit Card";4780.0;"Completed"
315;315;"2023-11-13";"UPI";12750.0;"Pending"
316;316;"2023-11-14";"Net Banking";6550.0;"Completed"
317;317;"2023-11-15";"Cash on Delivery";9745.0;"Completed"
318;318;"2023-11-16";"Wallet";10040.0;"Completed"
319;319;"2023-11-17";"Credit Card";1805.0;"Completed"
320;320;"2023-11-18";"Debit Card";3210.0;"Completed"
321;321;"2023-11-19";"UPI";5110.0;"Completed"
322;322;"2023-11-20";"Net Banking";5520.0;"Completed"
323;323;"2023-11-21";"Cash on Delivery";1625.0;"Completed"
324;324;"2023-11-22";"Wallet";4286.0;"Completed"
325;325;"2023-11-23";"Credit Card";2025.0;"Pending"
326;326;"2023-11-24";"Debit Card";7240.0;"Completed"
327;327;"2023-11-25";"UPI";10940.0;"Completed"
328;328;"2023-11-26";"Net Banking";14850.0;"Failed"
329;329;"2023-11-27";"Cash on Delivery";49660.0;"Completed"
330;330;"2023-11-28";"Wallet";15440.0;"Completed"
331;331;"2023-11-29";"Credit Card";53430.0;"Completed"
332;332;"2023-11-30";"Debit Card";44721.5;"Completed"
333;333;"2023-12-01";"UPI";11440.0;"Refunded"
334;334;"2023-12-02";"Net Banking";4780.0;"Completed"
335;335;"2023-12-03";"Cash on Delivery";12750.0;"Pending"
336;336;"2023-12-04";"Wallet";6550.0;"Completed"
337;337;"2023-12-05";"Credit Card";9745.0;"Completed"
338;338;"2023-12-06";"Debit Card";10040.0;"Completed"
339;339;"2023-12-07";"UPI";1805.0;"Completed"
340;340;"2023-12-08";"Net Banking";3210.0;"Completed"
341;341;"2023-12-09";"Cash on Delivery";5110.0;"Completed"
342;342;"2023-12-10";"Wallet";5520.0;"Completed"
343;343;"2023-12-11";"Credit Card";1625.0;"Completed"
344;344;"2023-12-12";"Debit Card";4286.0;"Completed"
345;345;"2023-12-13";"UPI";2025.0;"Pending"
346;346;"2023-12-14";"Net Banking";7240.0;"Completed"
347;347;"2023-12-15";"Cash on Delivery";10940.0;"Completed"
348;348;"2023-12-16";"Wallet";14850.0;"Failed"
349;349;"2023-12-17";"Credit Card";49660.0;"Completed"
350;350;"2023-12-18";"Debit Card";15440.0;"Completed"
351;351;"2023-12-19";"UPI";53430.0;"Completed"
352;352;"2023-12-20";"Net Banking";44721.5;"Completed"
353;353;"2023-12-21";"Cash on Delivery";11440.0;"Refunded"
354;354;"2023-12-22";"Wallet";4780.0;"Completed"
355;355;"2023-12-23";"Credit Card";12750.0;"Pending"
356;356;"2023-12-24";"Debit Card";6550.0;"Completed"
357;357;"2023-12-25";"UPI";9745.0;"Completed"
358;358;"2023-12-26";"Net Banking";10040.0;"Completed"
359;359;"2023-12-27";"Cash on Delivery";1805.0;"Completed"
360;360;"2023-12-28";"Wallet";3210.0;"Completed"
361;361;"2023-12-29";"Credit Card";5110.0;"Completed"
362;362;"2023-12-30";"Debit Card";5520.0;"Completed"
363;363;"2023-12-31";"UPI";1625.0;"Completed"
364;364;"2024-01-01";"Net Banking";4286.0;"Completed"
365;365;"2024-01-02";"Cash on Delivery";2025.0;"Pending"
366;366;"2024-01-03";"Wallet";7240.0;"Completed"
367;367;"2024-01-04";"Credit Card";10940.0;"Completed"
368;368;"2024-01-05";"Debit Card";14850.0;"Failed"
369;369;"2024-01-06";"UPI";49660.0;"Completed"
370;370;"2024-01-07";"Net Banking";15440.0;"Completed"
371;371;"2024-01-08";"Cash on Delivery";53430.0;"Completed"
372;372;"2024-01-09";"Wallet";44721.5;"Completed"
373;373;"2024-01-10";"Credit Card";11440.0;"Refunded"
374;374;"2024-01-11";"Debit Card";4780.0;"Completed"
375;375;"2024-01-12";"UPI";12750.0;"Pending"
376;376;"2024-01-13";"Net Banking";6550.0;"Completed"
377;377;"2024-01-14";"Cash on Delivery";9745.0;"Completed"
378;378;"2024-01-15";"Wallet";10040.0;"Completed"
379;379;"2024-01-16";"Credit Card";1805.0;"Completed"
380;380;"2024-01-17";"Debit Card";3210.0;"Completed"
381;381;"2024-01-18";"UPI";5110.0;"Completed"
382;382;"2024-01-19";"Net Banking";5520.0;"Completed"
383;383;"2024-01-20";"Cash on Delivery";1625.0;"Completed"
384;384;"2024-01-21";"Wallet";4286.0;"Completed"
385;385;"2024-01-22";"Credit Card";2025.0;"Pending"
386;386;"2024-01-23";"Debit Card";7240.0;"Completed"
387;387;"2024-01-24";"UPI";10940.0;"Completed"
388;388;"2024-01-25";"Net Banking";14850.0;"Failed"
389;389;"2024-01-26";"Cash on Delivery";49660.0;"Completed"
390;390;"2024-01-27";"Wallet";15440.0;"Completed"
391;391;"2024-01-28";"Credit Card";53430.0;"Completed"
392;392;"2024-01-29";"Debit Card";44721.5;"Completed"
393;393;"2024-01-30";"UPI";11440.0;"Refunded"
394;394;"2024-01-31";"Net Banking";4780.0;"Completed"
395;395;"2024-02-01";"Cash on Delivery";12750.0;"Pending"
396;396;"2024-02-02";"Wallet";6550.0;"Completed"
397;397;"2024-02-03";"Credit Card";9745.0;"Completed"
398;398;"2024-02-04";"Debit Card";10040.0;"Completed"
399;399;"2024-02-05";"UPI";1805.0;"Completed"
400;400;"2024-02-06";"Net Banking";3210.0;"Completed"
401;401;"2024-02-07";"Cash on Delivery";24120.0;"Completed"
402;402;"2024-02-08";"Wallet";114500.0;"Completed"
403;403;"2024-02-09";"Credit Card";54400.0;"Completed"
404;404;"2024-02-10";"Debit Card";37980.0;"Completed"
405;405;"2024-02-11";"UPI";11600.0;"Pending"
406;406;"2024-02-12";"Net Banking";11100.0;"Completed"
407;407;"2024-02-13";"Cash on Delivery";1980.0;"Completed"
408;408;"2024-02-14";"Wallet";56750.0;"Failed"
409;409;"2024-02-15";"Credit Card";36350.0;"Completed"
410;410;"2024-02-16";"Debit Card";3420.0;"Completed"
411;411;"2024-02-17";"UPI";1950.0;"Completed"
412;412;"2024-02-18";"Net Banking";3950.0;"Completed"
413;413;"2024-02-19";"Cash on Delivery";2160.0;"Refunded"
414;414;"2024-02-20";"Wallet";4350.0;"Completed"
415;415;"2024-02-21";"Credit Card";10650.0;"Pending"
416;416;"2024-02-22";"Debit Card";3600.0;"Completed"
417;417;"2024-02-23";"UPI";2400.0;"Completed"
418;418;"2024-02-24";"Net Banking";9780.0;"Completed"
419;419;"2024-02-25";"Cash on Delivery";540.0;"Completed"
420;420;"2024-02-26";"Wallet";11000.0;"Completed"
421;421;"2024-02-27";"Credit Card";2600.0;"Completed"
422;422;"2024-02-28";"Debit Card";765.0;"Completed"
423;423;"2024-02-29";"UPI";730.0;"Completed"
424;424;"2024-03-01";"Net Banking";255.0;"Pending"
425;425;"2024-03-02";"Cash on Delivery";648.0;"Completed"
426;426;"2024-03-03";"Wallet";940.0;"Completed"
427;427;"2024-03-04";"Credit Card";660.0;"Completed"
428;428;"2024-03-05";"Debit Card";832.5;"Failed"
429;429;"2024-03-06";"UPI";1860.0;"Completed"
430;430;"2024-03-07";"Net Banking";1950.0;"Completed"
431;431;"2024-03-08";"Cash on Delivery";1980.0;"Completed"
432;432;"2024-03-09";"Wallet";11600.0;"Completed"
433;433;"2024-03-10";"Credit Card";12300.0;"Refunded"
434;434;"2024-03-11";"Debit Card";5220.0;"Completed"
435;435;"2024-03-12";"UPI";11200.0;"Pending"
436;436;"2024-03-13";"Net Banking";5850.0;"Completed"
437;437;"2024-03-14";"Cash on Delivery";1800.0;"Completed"
438;438;"2024-03-15";"Wallet";2050.0;"Completed"
439;439;"2024-03-16";"Credit Card";9200.0;"Completed"
440;440;"2024-03-17";"Debit Card";4140.0;"Completed"
441;441;"2024-03-18";"UPI";21500.0;"Completed"
442;442;"2024-03-19";"Net Banking";6900.0;"Completed"
443;443;"2024-03-20";"Cash on Delivery";46080.0;"Completed"
444;444;"2024-03-21";"Wallet";55200.0;"Pending"
445;445;"2024-03-22";"Credit Card";25500.0;"Completed"
446;446;"2024-03-23";"Debit Card";7920.0;"Completed"
447;447;"2024-03-24";"UPI";20100.0;"Completed"
448;448;"2024-03-25";"Net Banking";22750.0;"Failed"
449;449;"2024-03-26";"Cash on Delivery";22050.0;"Completed"
450;450;"2024-03-27";"Wallet";26300.0;"Completed"
451;451;"2024-03-28";"Credit Card";24120.0;"Completed"
452;452;"2024-03-29";"Debit Card";114500.0;"Completed"
453;453;"2024-03-30";"UPI";54400.0;"Refunded"
454;454;"2024-03-31";"Net Banking";37980.0;"Completed"
455;455;"2024-04-01";"Cash on Delivery";11600.0;"Pending"
456;456;"2024-04-02";"Wallet";11100.0;"Completed"
457;457;"2024-04-03";"Credit Card";1980.0;"Completed"
458;458;"2024-04-04";"Debit Card";56750.0;"Completed"
459;459;"2024-04-05";"UPI";36350.0;"Completed"
460;460;"2024-04-06";"Net Banking";3420.0;"Completed"
461;461;"2024-04-07";"Cash on Delivery";1950.0;"Completed"
462;462;"2024-04-08";"Wallet";3950.0;"Completed"
463;463;"2024-04-09";"Credit Card";2160.0;"Completed"
464;464;"2024-04-10";"Debit Card";4350.0;"Pending"
465;465;"2024-04-11";"UPI";10650.0;"Completed"
466;466;"2024-04-12";"Net Banking";3600.0;"Completed"
467;467;"2024-04-13";"Cash on Delivery";2400.0;"Completed"
468;468;"2024-04-14";"Wallet";9780.0;"Failed"
469;469;"2024-04-15";"Credit Card";540.0;"Completed"
470;470;"2024-04-16";"Debit Card";11000.0;"Completed"
471;471;"2024-04-17";"UPI";2600.0;"Completed"
472;472;"2024-04-18";"Net Banking";765.0;"Completed"
473;473;"2024-04-19";"Cash on Delivery";730.0;"Refunded"
474;474;"2024-04-20";"Wallet";255.0;"Completed"
475;475;"2024-04-21";"Credit Card";648.0;"Pending"
476;476;"2024-04-22";"Debit Card";940.0;"Completed"
477;477;"2024-04-23";"UPI";660.0;"Completed"
478;478;"2024-04-24";"Net Banking";832.5;"Completed"
479;479;"2024-04-25";"Cash on Delivery";1860.0;"Completed"
480;480;"2024-04-26";"Wallet";1950.0;"Completed"
481;481;"2024-04-27";"Credit Card";1980.0;"Completed"
482;482;"2024-04-28";"Debit Card";11600.0;"Completed"
483;483;"2024-04-29";"UPI";12300.0;"Completed"
484;484;"2024-04-30";"Net Banking";5220.0;"Pending"
485;485;"2024-05-01";"Cash on Delivery";11200.0;"Completed"
486;486;"2024-05-02";"Wallet";5850.0;"Completed"
487;487;"2024-05-03";"Credit Card";1800.0;"Completed"
488;488;"2024-05-04";"Debit Card";2050.0;"Failed"
489;489;"2024-05-05";"UPI";9200.0;"Completed"
490;490;"2024-05-06";"Net Banking";4140.0;"Completed"
491;491;"2024-05-07";"Cash on Delivery";21500.0;"Completed"
492;492;"2024-05-08";"Wallet";6900.0;"Completed"
493;493;"2024-05-09";"Credit Card";46080.0;"Refunded"
494;494;"2024-05-10";"Debit Card";55200.0;"Completed"
495;495;"2024-05-11";"UPI";25500.0;"Pending"
496;496;"2024-05-12";"Net Banking";7920.0;"Completed"
497;497;"2024-05-13";"Cash on Delivery";20100.0;"Completed"
498;498;"2024-05-14";"Wallet";22750.0;"Completed"
499;499;"2024-05-15";"Credit Card";22050.0;"Completed"
500;500;"2024-05-16";"Debit Card";26300.0;"Completed"
501;501;"2024-05-17";"UPI";24120.0;"Completed"
502;502;"2024-05-18";"Net Banking";114500.0;"Completed"
503;503;"2024-05-19";"Cash on Delivery";54400.0;"Completed"
504;504;"2024-05-20";"Wallet";37980.0;"Pending"
505;505;"2024-05-21";"Credit Card";11600.0;"Completed"
506;506;"2024-05-22";"Debit Card";11100.0;"Completed"
507;507;"2024-05-23";"UPI";1980.0;"Completed"
508;508;"2024-05-24";"Net Banking";56750.0;"Failed"
509;509;"2024-05-25";"Cash on Delivery";36350.0;"Completed"
510;510;"2024-05-26";"Wallet";3420.0;"Completed"
511;511;"2024-05-27";"Credit Card";1950.0;"Completed"
512;512;"2024-05-28";"Debit Card";3950.0;"Completed"
513;513;"2024-05-29";"UPI";2160.0;"Refunded"
514;514;"2024-05-30";"Net Banking";4350.0;"Completed"
515;515;"2024-05-31";"Cash on Delivery";10650.0;"Pending"
516;516;"2024-06-01";"Wallet";3600.0;"Completed"
517;517;"2024-06-02";"Credit Card";2400.0;"Completed"
518;518;"2024-06-03";"Debit Card";9780.0;"Completed"
519;519;"2024-06-04";"UPI";540.0;"Completed"
520;520;"2024-06-05";"Net Banking";11000.0;"Completed"
521;521;"2024-06-06";"Cash on Delivery";2600.0;"Completed"
522;522;"2024-06-07";"Wallet";765.0;"Completed"
523;523;"2024-06-08";"Credit Card";730.0;"Completed"
524;524;"2024-06-09";"Debit Card";255.0;"Pending"
525;525;"2024-06-10";"UPI";648.0;"Completed"
526;526;"2024-06-11";"Net Banking";940.0;"Completed"
527;527;"2024-06-12";"Cash on Delivery";660.0;"Completed"
528;528;"2024-06-13";"Wallet";832.5;"Failed"
529;529;"2024-06-14";"Credit Card";1860.0;"Completed"
530;530;"2024-06-15";"Debit Card";1950.0;"Completed"
531;531;"2024-06-16";"UPI";1980.0;"Completed"
532;532;"2024-06-17";"Net Banking";11600.0;"Completed"
533;533;"2024-06-18";"Cash on Delivery";12300.0;"Refunded"
534;534;"2024-06-19";"Wallet";5220.0;"Completed"
535;535;"2024-06-20";"Credit Card";11200.0;"Pending"
536;536;"2024-06-21";"Debit Card";5850.0;"Completed"
537;537;"2024-06-22";"UPI";1800.0;"Completed"
538;538;"2024-06-23";"Net Banking";2050.0;"Completed"
539;539;"2024-06-24";"Cash on Delivery";9200.0;"Completed"
540;540;"2024-06-25";"Wallet";4140.0;"Completed"
541;541;"2024-06-26";"Credit Card";21500.0;"Completed"
542;542;"2024-06-27";"Debit Card";6900.0;"Completed"
543;543;"2024-06-28";"UPI";46080.0;"Completed"
544;544;"2024-06-29";"Net Banking";55200.0;"Pending"
545;545;"2024-06-30";"Cash on Delivery";25500.0;"Completed"
546;546;"2024-07-01";"Wallet";7920.0;"Completed"
547;547;"2024-07-02";"Credit Card";20100.0;"Completed"
548;548;"2024-07-03";"Debit Card";22750.0;"Failed"
549;549;"2024-07-04";"UPI";22050.0;"Completed"
550;550;"2024-07-05";"Net Banking";26300.0;"Completed"
551;551;"2024-07-06";"Cash on Delivery";24120.0;"Completed"
552;552;"2024-07-07";"Wallet";114500.0;"Completed"
553;553;"2024-07-08";"Credit Card";54400.0;"Refunded"
554;554;"2024-07-09";"Debit Card";37980.0;"Completed"
555;555;"2024-07-10";"UPI";11600.0;"Pending"
556;556;"2024-07-11";"Net Banking";11100.0;"Completed"
557;557;"2024-07-12";"Cash on Delivery";1980.0;"Completed"
558;558;"2024-07-13";"Wallet";56750.0;"Completed"
559;559;"2024-07-14";"Credit Card";36350.0;"Completed"
560;560;"2024-07-15";"Debit Card";3420.0;"Completed"
561;561;"2024-07-16";"UPI";1950.0;"Completed"
562;562;"2024-07-17";"Net Banking";3950.0;"Completed"
563;563;"2024-07-18";"Cash on Delivery";2160.0;"Completed"
564;564;"2024-07-19";"Wallet";4350.0;"Pending"
565;565;"2024-07-20";"Credit Card";10650.0;"Completed"
566;566;"2024-07-21";"Debit Card";3600.0;"Completed"
567;567;"2024-07-22";"UPI";2400.0;"Completed"
568;568;"2024-07-23";"Net Banking";9780.0;"Failed"
569;569;"2024-07-24";"Cash on Delivery";540.0;"Completed"
570;570;"2024-07-25";"Wallet";11000.0;"Completed"
571;571;"2024-07-26";"Credit Card";2600.0;"Completed"
572;572;"2024-07-27";"Debit Card";765.0;"Completed"
573;573;"2024-07-28";"UPI";730.0;"Refunded"
574;574;"2024-07-29";"Net Banking";255.0;"Completed"
575;575;"2024-07-30";"Cash on Delivery";648.0;"Pending"
576;576;"2024-07-31";"Wallet";940.0;"Completed"
577;577;"2024-08-01";"Credit Card";660.0;"Completed"
578;578;"2024-08-02";"Debit Card";832.5;"Completed"
579;579;"2024-08-03";"UPI";1860.0;"Completed"
580;580;"2024-08-04";"Net Banking";1950.0;"Completed"
581;581;"2024-08-05";"Cash on Delivery";1980.0;"Completed"
582;582;"2024-08-06";"Wallet";11600.0;"Completed"
583;583;"2024-08-07";"Credit Card";12300.0;"Completed"
584;584;"2024-08-08";"Debit Card";5220.0;"Pending"
585;585;"2024-08-09";"UPI";11200.0;"Completed"
586;586;"2024-08-10";"Net Banking";5850.0;"Completed"
587;587;"2024-08-11";"Cash on Delivery";1800.0;"Completed"
588;588;"2024-08-12";"Wallet";2050.0;"Failed"
589;589;"2024-08-13";"Credit Card";9200.0;"Completed"
590;590;"2024-08-14";"Debit Card";4140.0;"Completed"
591;591;"2024-08-15";"UPI";21500.0;"Completed"
592;592;"2024-08-16";"Net Banking";6900.0;"Completed"
593;593;"2024-08-17";"Cash on Delivery";46080.0;"Refunded"
594;594;"2024-08-18";"Wallet";55200.0;"Completed"
595;595;"2024-08-19";"Credit Card";25500.0;"Pending"
596;596;"2024-08-20";"Debit Card";7920.0;"Completed"
597;597;"2024-08-21";"UPI";20100.0;"Completed"
598;598;"2024-08-22";"Net Banking";22750.0;"Completed"
599;599;"2024-08-23";"Cash on Delivery";22050.0;"Completed"
600;600;"2024-08-24";"Wallet";26300.0;"Completed"
601;601;"2024-08-25";"Credit Card";24120.0;"Completed"
602;602;"2024-08-26";"Debit Card";114500.0;"Completed"
603;603;"2024-08-27";"UPI";54400.0;"Completed"
604;604;"2024-08-28";"Net Banking";37980.0;"Pending"
605;605;"2024-08-29";"Cash on Delivery";11600.0;"Completed"
606;606;"2024-08-30";"Wallet";11100.0;"Completed"
607;607;"2024-08-31";"Credit Card";1980.0;"Completed"
608;608;"2024-09-01";"Debit Card";56750.0;"Failed"
609;609;"2024-09-02";"UPI";36350.0;"Completed"
610;610;"2024-09-03";"Net Banking";3420.0;"Completed"
611;611;"2024-09-04";"Cash on Delivery";1950.0;"Completed"
612;612;"2024-09-05";"Wallet";3950.0;"Completed"
613;613;"2024-09-06";"Credit Card";2160.0;"Refunded"
614;614;"2024-09-07";"Debit Card";4350.0;"Completed"
615;615;"2024-09-08";"UPI";10650.0;"Pending"
616;616;"2024-09-09";"Net Banking";3600.0;"Completed"
617;617;"2024-09-10";"Cash on Delivery";2400.0;"Completed"
618;618;"2024-09-11";"Wallet";9780.0;"Completed"
619;619;"2024-09-12";"Credit Card";540.0;"Completed"
620;620;"2024-09-13";"Debit Card";11000.0;"Completed"
621;621;"2024-09-14";"UPI";2600.0;"Completed"
622;622;"2024-09-15";"Net Banking";765.0;"Completed"
623;623;"2024-09-16";"Cash on Delivery";730.0;"Completed"
624;624;"2024-09-17";"Wallet";255.0;"Pending"
625;625;"2024-09-18";"Credit Card";648.0;"Completed"
626;626;"2024-09-19";"Debit Card";940.0;"Completed"
627;627;"2024-09-20";"UPI";660.0;"Completed"
628;628;"2024-09-21";"Net Banking";832.5;"Failed"
629;629;"2024-09-22";"Cash on Delivery";1860.0;"Completed"
630;630;"2024-09-23";"Wallet";1950.0;"Completed"
631;631;"2024-09-24";"Credit Card";1980.0;"Completed"
632;632;"2024-09-25";"Debit Card";11600.0;"Completed"
633;633;"2024-09-26";"UPI";12300.0;"Refunded"
634;634;"2024-09-27";"Net Banking";5220.0;"Completed"
635;635;"2024-09-28";"Cash on Delivery";11200.0;"Pending"
636;636;"2024-09-29";"Wallet";5850.0;"Completed"
637;637;"2024-09-30";"Credit Card";1800.0;"Completed"
638;638;"2024-10-01";"Debit Card";2050.0;"Completed"
639;639;"2024-10-02";"UPI";9200.0;"Completed"
640;640;"2024-10-03";"Net Banking";4140.0;"Completed"
641;641;"2024-10-04";"Cash on Delivery";21500.0;"Completed"
642;642;"2024-10-05";"Wallet";6900.0;"Completed"
643;643;"2024-10-06";"Credit Card";46080.0;"Completed"
644;644;"2024-10-07";"Debit Card";55200.0;"Pending"
645;645;"2024-10-08";"UPI";25500.0;"Completed"
646;646;"2024-10-09";"Net Banking";7920.0;"Completed"
647;647;"2024-10-10";"Cash on Delivery";20100.0;"Completed"
648;648;"2024-10-11";"Wallet";22750.0;"Failed"
649;649;"2024-10-12";"Credit Card";22050.0;"Completed"
650;650;"2024-10-13";"Debit Card";26300.0;"Completed"
651;651;"2024-10-14";"UPI";24120.0;"Completed"
652;652;"2024-10-15";"Net Banking";114500.0;"Completed"
653;653;"2024-10-16";"Cash on Delivery";54400.0;"Refunded"
654;654;"2024-10-17";"Wallet";37980.0;"Completed"
655;655;"2024-10-18";"Credit Card";11600.0;"Pending"
656;656;"2024-10-19";"Debit Card";11100.0;"Completed"
657;657;"2024-10-20";"UPI";1980.0;"Completed"
658;658;"2024-10-21";"Net Banking";56750.0;"Completed"
659;659;"2024-10-22";"Cash on Delivery";36350.0;"Completed"
660;660;"2024-10-23";"Wallet";3420.0;"Completed"
661;661;"2024-10-24";"Credit Card";1950.0;"Completed"
662;662;"2024-10-25";"Debit Card";3950.0;"Completed"
663;663;"2024-10-26";"UPI";2160.0;"Completed"
664;664;"2024-10-27";"Net Banking";4350.0;"Pending"
665;665;"2024-10-28";"Cash on Delivery";10650.0;"Completed"
666;666;"2024-10-29";"Wallet";3600.0;"Completed"
667;667;"2024-10-30";"Credit Card";2400.0;"Completed"
668;668;"2024-10-31";"Debit Card";9780.0;"Failed"
669;669;"2024-11-01";"UPI";540.0;"Completed"
670;670;"2024-11-02";"Net Banking";11000.0;"Completed"
671;671;"2024-11-03";"Cash on Delivery";2600.0;"Completed"
672;672;"2024-11-04";"Wallet";765.0;"Completed"
673;673;"2024-11-05";"Credit Card";730.0;"Refunded"
674;674;"2024-11-06";"Debit Card";255.0;"Completed"
675;675;"2024-11-07";"UPI";648.0;"Pending"
676;676;"2024-11-08";"Net Banking";940.0;"Completed"
677;677;"2024-11-09";"Cash on Delivery";660.0;"Completed"
678;678;"2024-11-10";"Wallet";832.5;"Completed"
679;679;"2024-11-11";"Credit Card";1860.0;"Completed"
680;680;"2024-11-12";"Debit Card";1950.0;"Completed"
681;681;"2024-11-13";"UPI";1980.0;"Completed"
682;682;"2024-11-14";"Net Banking";11600.0;"Completed"
683;683;"2024-11-15";"Cash on Delivery";12300.0;"Completed"
684;684;"2024-11-16";"Wallet";5220.0;"Pending"
685;685;"2024-11-17";"Credit Card";11200.0;"Completed"
686;686;"2024-11-18";"Debit Card";5850.0;"Completed"
687;687;"2024-11-19";"UPI";1800.0;"Completed"
688;688;"2024-11-20";"Net Banking";2050.0;"Failed"
689;689;"2024-11-21";"Cash on Delivery";9200.0;"Completed"
690;690;"2024-11-22";"Wallet";4140.0;"Completed"
691;691;"2024-11-23";"Credit Card";21500.0;"Completed"
692;692;"2024-11-24";"Debit Card";6900.0;"Completed"
693;693;"2024-11-25";"UPI";46080.0;"Refunded"
694;694;"2024-11-26";"Net Banking";55200.0;"Completed"
695;695;"2024-11-27";"Cash on Delivery";25500.0;"Pending"
696;696;"2024-11-28";"Wallet";7920.0;"Completed"
697;697;"2024-11-29";"Credit Card";20100.0;"Completed"
698;698;"2024-11-30";"Debit Card";22750.0;"Completed"
699;699;"2024-12-01";"UPI";22050.0;"Completed"
700;700;"2024-12-02";"Net Banking";26300.0;"Completed"
701;701;"2024-12-03";"Cash on Delivery";24120.0;"Completed"
702;702;"2024-12-04";"Wallet";114500.0;"Completed"
703;703;"2024-12-05";"Credit Card";54400.0;"Completed"
704;704;"2024-12-06";"Debit Card";37980.0;"Pending"
705;705;"2024-12-07";"UPI";11600.0;"Completed"
706;706;"2024-12-08";"Net Banking";11100.0;"Completed"
707;707;"2024-12-09";"Cash on Delivery";1980.0;"Completed"
708;708;"2024-12-10";"Wallet";56750.0;"Failed"
709;709;"2024-12-11";"Credit Card";36350.0;"Completed"
710;710;"2024-12-12";"Debit Card";3420.0;"Completed"
711;711;"2024-12-13";"UPI";1950.0;"Completed"
712;712;"2024-12-14";"Net Banking";3950.0;"Completed"
713;713;"2024-12-15";"Cash on Delivery";2160.0;"Refunded"
714;714;"2024-12-16";"Wallet";4350.0;"Completed"
715;715;"2024-12-17";"Credit Card";10650.0;"Pending"
716;716;"2024-12-18";"Debit Card";3600.0;"Completed"
717;717;"2024-12-19";"UPI";2400.0;"Completed"
718;718;"2024-12-20";"Net Banking";9780.0;"Completed"
719;719;"2024-12-21";"Cash on Delivery";540.0;"Completed"
720;720;"2024-12-22";"Wallet";11000.0;"Completed"
721;721;"2024-12-23";"Credit Card";2600.0;"Completed"
722;722;"2024-12-24";"Debit Card";765.0;"Completed"
723;723;"2024-12-25";"UPI";730.0;"Completed"
724;724;"2024-12-26";"Net Banking";255.0;"Pending"
725;725;"2024-12-27";"Cash on Delivery";648.0;"Completed"
726;726;"2024-12-28";"Wallet";940.0;"Completed"
727;727;"2024-12-29";"Credit Card";660.0;"Completed"
728;728;"2024-12-30";"Debit Card";832.5;"Failed"
729;729;"2024-12-31";"UPI";1860.0;"Completed"
730;730;"2025-01-01";"Net Banking";1950.0;"Completed"
731;731;"2023-01-06";"Cash on Delivery";1980.0;"Completed"
732;732;"2023-01-11";"Wallet";11600.0;"Completed"
733;733;"2023-01-16";"Credit Card";12300.0;"Refunded"
734;734;"2023-01-21";"Debit Card";5220.0;"Completed"
735;735;"2023-01-26";"UPI";11200.0;"Pending"
736;736;"2023-01-31";"Net Banking";5850.0;"Completed"
737;737;"2023-02-05";"Cash on Delivery";1800.0;"Completed"
738;738;"2023-02-10";"Wallet";2050.0;"Completed"
739;739;"2023-02-15";"Credit Card";9200.0;"Completed"
740;740;"2023-02-20";"Debit Card";4140.0;"Completed"
741;741;"2023-02-25";"UPI";21500.0;"Completed"
742;742;"2023-03-02";"Net Banking";6900.0;"Completed"
743;743;"2023-03-07";"Cash on Delivery";46080.0;"Completed"
744;744;"2023-03-12";"Wallet";55200.0;"Pending"
745;745;"2023-03-17";"Credit Card";25500.0;"Completed"
746;746;"2023-03-22";"Debit Card";7920.0;"Completed"
747;747;"2023-03-27";"UPI";20100.0;"Completed"
748;748;"2023-04-01";"Net Banking";22750.0;"Failed"
749;749;"2023-04-06";"Cash on Delivery";22050.0;"Completed"
750;750;"2023-04-11";"Wallet";26300.0;"Completed"
751;751;"2023-04-16";"Credit Card";24120.0;"Completed"
752;752;"2023-04-21";"Debit Card";114500.0;"Completed"
753;753;"2023-04-26";"UPI";54400.0;"Refunded"
754;754;"2023-05-01";"Net Banking";37980.0;"Completed"
755;755;"2023-05-06";"Cash on Delivery";11600.0;"Pending"
756;756;"2023-05-11";"Wallet";11100.0;"Completed"
757;757;"2023-05-16";"Credit Card";1980.0;"Completed"
758;758;"2023-05-21";"Debit Card";56750.0;"Completed"
759;759;"2023-05-26";"UPI";36350.0;"Completed"
760;760;"2023-05-31";"Net Banking";3420.0;"Completed"
761;761;"2023-06-05";"Cash on Delivery";1950.0;"Completed"
762;762;"2023-06-10";"Wallet";3950.0;"Completed"
763;763;"2023-06-15";"Credit Card";2160.0;"Completed"
764;764;"2023-06-20";"Debit Card";4350.0;"Pending"
765;765;"2023-06-25";"UPI";10650.0;"Completed"
766;766;"2023-06-30";"Net Banking";3600.0;"Completed"
767;767;"2023-07-05";"Cash on Delivery";2400.0;"Completed"
768;768;"2023-07-10";"Wallet";9780.0;"Failed"
769;769;"2023-07-15";"Credit Card";540.0;"Completed"
770;770;"2023-07-20";"Debit Card";11000.0;"Completed"
771;771;"2023-07-25";"UPI";2600.0;"Completed"
772;772;"2023-07-30";"Net Banking";765.0;"Completed"
773;773;"2023-08-04";"Cash on Delivery";730.0;"Refunded"
774;774;"2023-08-09";"Wallet";255.0;"Completed"
775;775;"2023-08-14";"Credit Card";648.0;"Pending"
776;776;"2023-08-19";"Debit Card";940.0;"Completed"
777;777;"2023-08-24";"UPI";660.0;"Completed"
778;778;"2023-08-29";"Net Banking";832.5;"Completed"
779;779;"2023-09-03";"Cash on Delivery";1860.0;"Completed"
780;780;"2023-09-08";"Wallet";1950.0;"Completed"
781;781;"2023-09-13";"Credit Card";1980.0;"Completed"
782;782;"2023-09-18";"Debit Card";11600.0;"Completed"
783;783;"2023-09-23";"UPI";12300.0;"Completed"
784;784;"2023-09-28";"Net Banking";5220.0;"Pending"
785;785;"2023-10-03";"Cash on Delivery";11200.0;"Completed"
786;786;"2023-10-08";"Wallet";5850.0;"Completed"
787;787;"2023-10-13";"Credit Card";1800.0;"Completed"
788;788;"2023-10-18";"Debit Card";2050.0;"Failed"
789;789;"2023-10-23";"UPI";9200.0;"Completed"
790;790;"2023-10-28";"Net Banking";4140.0;"Completed"
791;791;"2023-11-02";"Cash on Delivery";21500.0;"Completed"
792;792;"2023-11-07";"Wallet";6900.0;"Completed"
793;793;"2023-11-12";"Credit Card";46080.0;"Refunded"
794;794;"2023-11-17";"Debit Card";55200.0;"Completed"
795;795;"2023-11-22";"UPI";25500.0;"Pending"
796;796;"2023-11-27";"Net Banking";7920.0;"Completed"
797;797;"2023-12-02";"Cash on Delivery";20100.0;"Completed"
798;798;"2023-12-07";"Wallet";22750.0;"Completed"
799;799;"2023-12-12";"Credit Card";22050.0;"Completed"
800;800;"2023-12-17";"Debit Card";26300.0;"Completed"
