"product_id";"product_name";"category_id";"supplier_id";"unit_price";"cost_price";"recorder_level"
1;"Smartphone";1;1;25000.0;18000.0;50
2;"Laptop";1;1;55000.0;42000.0;30
3;"Tablet";1;1;18000.0;13000.0;40
4;"Smart TV";1;1;40000.0;31000.0;20
5;"Bluetooth Speaker";1;1;2500.0;1600.0;80
6;"Wireless Earbuds";1;1;3500.0;2200.0;100
7;"Power Bank";1;1;1200.0;700.0;120
8;"Digital Camera";1;1;28000.0;21000.0;15
9;"Printer";1;1;12000.0;8500.0;25
10;"Wi-Fi Router";1;1;2200.0;1400.0;60
11;"Men's T-Shirt";2;2;600.0;350.0;200
12;"Women's Kurti";2;2;1200.0;700.0;150
13;"Denim Jeans";2;2;1800.0;1100.0;100
14;"Formal Shirt";2;2;1500.0;900.0;120
15;"Saree";2;2;3500.0;2200.0;80
16;"Hoodie";2;2;1600.0;950.0;90
17;"Track Pants";2;2;900.0;500.0;110
18;"Winter Jacket";2;2;3200.0;2000.0;70
19;"Kids T-Shirt";2;2;400.0;220.0;150
20;"Sports Shoes";2;2;2800.0;1700.0;85
21;"Basmati Rice 5kg";3;3;750.0;550.0;200
22;"Wheat Flour 10kg";3;3;450.0;320.0;180
23;"Sunflower Oil 1L";3;3;140.0;100.0;250
24;"Sugar 1kg";3;3;45.0;32.0;300
25;"Tea Powder 500g";3;3;220.0;150.0;160
26;"Coffee Beans 250g";3;3;350.0;240.0;120
27;"Toor Dal 1kg";3;3;160.0;110.0;200
28;"Iodized Salt 1kg";3;3;25.0;15.0;350
29;"Biscuits Pack";3;3;30.0;18.0;400
30;"Dry Fruits Mix";3;3;550.0;380.0;90
31;"Non-Stick Pan";4;4;1200.0;750.0;80
32;"Pressure Cooker";4;4;2500.0;1700.0;60
33;"Mixer Grinder";4;4;3500.0;2400.0;45
34;"Dinner Set";4;4;2800.0;1900.0;50
35;"Water Bottle";4;4;350.0;200.0;200
36;"Chopping Board";4;4;450.0;280.0;120
37;"Kitchen Knife Set";4;4;1500.0;950.0;70
38;"Storage Containers";4;4;800.0;500.0;110
39;"Electric Kettle";4;4;1800.0;1200.0;65
40;"Induction Cooktop";4;4;3200.0;2200.0;40
41;"Cricket Bat";5;5;2500.0;1600.0;50
42;"Football";5;5;800.0;500.0;80
43;"Badminton Racket";5;5;1200.0;750.0;70
44;"Yoga Mat";5;5;600.0;350.0;120
45;"Dumbbell Set";5;5;3500.0;2400.0;30
46;"Cycling Helmet";5;5;1800.0;1200.0;45
47;"Tennis Ball Pack";5;5;300.0;180.0;150
48;"Skipping Rope";5;5;250.0;140.0;200
49;"Gym Gloves";5;5;500.0;300.0;100
50;"Sports Water Bottle";5;5;400.0;240.0;130
51;"Building Blocks";6;6;900.0;550.0;80
52;"Remote Control Car";6;6;1500.0;950.0;60
53;"Puzzle Set";6;6;400.0;220.0;150
54;"Board Game";6;6;1100.0;700.0;70
55;"Doll House";6;6;2200.0;1500.0;40
56;"Action Figure";6;6;600.0;350.0;120
57;"Soft Toy";6;6;500.0;280.0;130
58;"Rubik's Cube";6;6;250.0;140.0;200
59;"Ludo Board";6;6;350.0;200.0;160
60;"Chess Set";6;6;800.0;500.0;90
61;"Face Wash";7;7;250.0;150.0;200
62;"Shampoo 500ml";7;7;350.0;220.0;180
63;"Body Lotion";7;7;300.0;180.0;160
64;"Sunscreen SPF50";7;7;450.0;280.0;120
65;"Lip Balm";7;7;150.0;80.0;250
66;"Perfume 100ml";7;7;1200.0;750.0;70
67;"Hair Oil";7;7;200.0;120.0;190
68;"Toothpaste Pack";7;7;180.0;100.0;220
69;"Hand Sanitizer";7;7;100.0;55.0;300
70;"Makeup Kit";7;7;1800.0;1200.0;50
71;"Novel - Fiction";8;8;350.0;220.0;120
72;"Notebook Pack";8;8;200.0;120.0;180
73;"Gel Pen Set";8;8;150.0;80.0;250
74;"Drawing Book";8;8;120.0;65.0;200
75;"Office Diary";8;8;250.0;150.0;150
76;"Sticky Notes";8;8;80.0;40.0;300
77;"Geometry Box";8;8;180.0;100.0;160
78;"Art Brush Set";8;8;450.0;280.0;90
79;"Textbook - Science";8;8;600.0;400.0;100
80;"Magazine Subscription";8;8;300.0;180.0;130
81;"Car Phone Holder";9;9;500.0;300.0;150
82;"Engine Oil 4L";9;9;2200.0;1500.0;60
83;"Car Vacuum Cleaner";9;9;1800.0;1200.0;45
84;"Tyre Inflator";9;9;1500.0;950.0;50
85;"Seat Cover Set";9;9;3500.0;2400.0;30
86;"Dash Camera";9;9;4500.0;3200.0;25
87;"Car Perfume";9;9;250.0;140.0;200
88;"Microfiber Cloth";9;9;150.0;80.0;250
89;"Jump Starter";9;9;3800.0;2700.0;35
90;"Wiper Blades";9;9;700.0;450.0;100
91;"Office Chair";10;10;5500.0;3800.0;40
92;"Study Table";10;10;4500.0;3100.0;35
93;"3-Seater Sofa";10;10;25000.0;18000.0;15
94;"Bed Frame";10;10;18000.0;13000.0;20
95;"Wardrobe";10;10;15000.0;11000.0;18
96;"Bookshelf";10;10;3500.0;2400.0;45
97;"Coffee Table";10;10;6500.0;4500.0;30
98;"Dining Table";10;10;22000.0;16000.0;12
99;"Mattress";10;10;12000.0;8500.0;25
100;"TV Unit";10;10;8500.0;6000.0;22
