"supplier_id";"supplier_name";"contact_person";"phone";"city";"state"
1;"TechSource India Pvt Ltd";"Rajesh Kumar";"9812345601";"Mumbai";"Maharashtra"
2;"Fashion Hub Traders";"Priya Sharma";"9812345602";"Delhi";"Delhi"
3;"FreshFarm Distributors";"Amit Patel";"9812345603";"Ahmedabad";"Gujarat"
4;"HomeCare Supplies";"Sneha Reddy";"9812345604";"Hyderabad";"Telangana"
5;"FitLife Sports Co";"Vikram Singh";"9812345605";"Chandigarh";"Punjab"
6;"ToyWorld India";"Anjali Nair";"9812345606";"Kochi";"Kerala"
7;"Glow Beauty Products";"Meera Iyer";"9812345607";"Chennai";"Tamil Nadu"
8;"BookBazaar Distributors";"Suresh Joshi";"9812345608";"Pune";"Maharashtra"
9;"AutoZone Parts Ltd";"Karan Mehta";"9812345609";"Bengaluru";"Karnataka"
10;"FurniCraft India";"Deepa Rao";"9812345610";"Jaipur";"Rajasthan"
11;"ElectroMart Suppliers";"Nikhil Verma";"9812345611";"Kolkata";"West Bengal"
12;"StyleCraft Apparels";"Ritu Agarwal";"9812345612";"Lucknow";"Uttar Pradesh"
13;"DailyGrain Wholesale";"Manoj Yadav";"9812345613";"Bhopal";"Madhya Pradesh"
14;"KitchenPro Traders";"Lakshmi Menon";"9812345614";"Coimbatore";"Tamil Nadu"
15;"ActiveGear Distributors";"Rohit Deshmukh";"9812345615";"Nagpur";"Maharashtra"
16;"PlayTime Toys Pvt Ltd";"Kavita Bhatt";"9812345616";"Surat";"Gujarat"
17;"PureSkin Cosmetics";"Divya Pillai";"9812345617";"Thiruvananthapuram";"Kerala"
18;"PageTurner Books";"Arjun Ghosh";"9812345618";"Kolkata";"West Bengal"
19;"SpeedDrive Auto Parts";"Pooja Kulkarni";"9812345619";"Nashik";"Maharashtra"
20;"WoodWorks Furniture";"Sanjay Chauhan";"9812345620";"Indore";"Madhya Pradesh"
